Security,BCSWFPD CMPN Curncy                                             ,,
Start Date,4/25/2011 0:00,,
End Date,4/21/2016 0:00,,
Period,D,,
Pricing Source,CMPN,,
,,,
Date,PX_LAST,Change,% Change
4/21/2016,13.1589,-0.0326,-0.247128833
4/20/2016,13.1915,-0.0496,-0.374591235
4/19/2016,13.2411,0.0043,0.032485193
4/18/2016,13.2368,-0.1497,-1.118290815
4/15/2016,13.3865,-0.0485,-0.360997395
4/14/2016,13.435,-0.0342,-0.25391263
4/13/2016,13.4692,-0.1335,-0.981422806
4/12/2016,13.6027,-0.0243,-0.178322448
4/11/2016,13.627,-0.0269,-0.197013308
4/8/2016,13.6539,-0.1418,-1.027856506
4/7/2016,13.7957,0.0572,0.416348219
4/6/2016,13.7385,0.0149,0.108572095
4/5/2016,13.7236,0.0118,0.086057265
4/4/2016,13.7118,-0.0597,-0.433503976
4/1/2016,13.7715,-0.0336,-0.243388313
3/31/2016,13.8051,0.1609,1.179255654
3/30/2016,13.6442,-0.0028,-0.02051733
3/29/2016,13.647,0.013,0.095349861
3/28/2016,13.634,-0.078,-0.568844807
3/24/2016,13.712,0.1045,0.767958846
3/23/2016,13.6075,-0.0252,-0.184849663
3/22/2016,13.6327,-0.0684,-0.499229989
3/21/2016,13.7011,0.019,0.138867571
3/18/2016,13.6821,0.0567,0.416134572
3/17/2016,13.6254,-0.0921,-0.671405139
3/16/2016,13.7175,-0.1421,-1.025282115
3/15/2016,13.8596,0.1497,1.091911684
3/14/2016,13.7099,0.0241,0.176094931
3/11/2016,13.6858,-0.1292,-0.935215346
3/10/2016,13.815,-0.0737,-0.530647217
3/9/2016,13.8887,-0.1713,-1.218349929
3/8/2016,14.06,-0.0802,-0.567177268
3/7/2016,14.1402,0.0762,0.541808874
3/4/2016,14.064,0.0047,0.033429829
3/3/2016,14.0593,-0.0555,-0.393204296
3/2/2016,14.1148,0.0655,0.466215399
3/1/2016,14.0493,-0.1642,-1.155239737
2/29/2016,14.2135,-0.0709,-0.496345664
2/26/2016,14.2844,0.0119,0.083377124
2/25/2016,14.2725,0.0425,0.298664793
2/24/2016,14.23,-0.0284,-0.199180834
2/23/2016,14.2584,0.0288,0.202395008
2/22/2016,14.2296,-0.0783,-0.547250121
2/19/2016,14.3079,-0.0745,-0.517994215
2/18/2016,14.3824,0.082,0.573410534
2/17/2016,14.3004,-0.0177,-0.123619754
2/16/2016,14.3181,-0.1635,-1.129018893
2/15/2016,14.4816,-0.0224,-0.154440154
2/12/2016,14.504,-0.0388,-0.266798691
2/11/2016,14.5428,0.0507,0.349845778
2/10/2016,14.4921,-0.1177,-0.805623622
2/5/2016,14.6098,0.0021,0.01437598
2/4/2016,14.6077,0.0717,0.493258118
2/3/2016,14.536,-0.0731,-0.500373055
2/2/2016,14.6091,0.1481,1.024133877
2/1/2016,14.461,-0.1205,-0.826389603
1/29/2016,14.5815,0.0434,0.298525942
1/28/2016,14.5381,-0.2695,-1.820011346
1/27/2016,14.8076,-0.0099,-0.06681289
1/26/2016,14.8175,-0.2425,-1.610225764
1/25/2016,15.06,0.1275,0.85384229
1/22/2016,14.9325,-0.0123,-0.082302875
1/21/2016,14.9448,-0.3191,-2.090553528
1/20/2016,15.2639,-0.1859,-1.203251822
1/19/2016,15.4498,-0.1929,-1.233163073
1/18/2016,15.6427,0.04,0.256365885
1/15/2016,15.6027,0.0959,0.618438363
1/14/2016,15.5068,-0.029,-0.186665637
1/13/2016,15.5358,-0.02,-0.128569408
1/12/2016,15.5558,-0.0919,-0.587306761
1/11/2016,15.6477,0.0941,0.605004629
1/8/2016,15.5536,-0.0459,-0.2942402
1/7/2016,15.5995,0.0607,0.390635055
1/6/2016,15.5388,-0.1053,-0.673097206
1/5/2016,15.6441,-0.1302,-0.825393203
1/4/2016,15.7743,0.5943,3.915019763
12/31/2015,15.18,-0.6997,-4.406254526
12/30/2015,15.8797,0.0604,0.38181209
12/29/2015,15.8193,0.0618,0.392194193
12/28/2015,15.7575,0.6675,4.423459245
12/24/2015,15.09,-0.7055,-4.466461967
12/23/2015,15.7955,-0.0562,-0.354536107
12/22/2015,15.8517,-0.1217,-0.761891645
12/21/2015,15.9734,0.0965,0.607801271
12/18/2015,15.8769,0.0209,0.131811302
12/17/2015,15.856,-0.1165,-0.72937862
12/16/2015,15.9725,0.0205,0.128510532
12/15/2015,15.952,-0.0557,-0.347957545
12/14/2015,16.0077,0.0743,0.466316041
12/11/2015,15.9334,0.0228,0.143300693
12/10/2015,15.9106,0.2071,1.318814277
12/9/2015,15.7035,-0.0141,-0.089708352
12/8/2015,15.7176,0.0213,0.13570077
12/7/2015,15.6963,0.0267,0.170393628
12/4/2015,15.6696,-0.0477,-0.30348724
12/3/2015,15.7173,0.0945,0.604885168
12/2/2015,15.6228,-0.0427,-0.27257349
12/1/2015,15.6655,-0.0399,-0.254052746
11/30/2015,15.7054,0.084,0.537723892
11/27/2015,15.6214,0.1518,0.981279413
11/26/2015,15.4696,0.2369,1.55520689
11/25/2015,15.2327,0.0736,0.48551695
11/24/2015,15.1591,0.0843,0.559211399
11/23/2015,15.0748,0.4848,3.322823852
11/20/2015,14.59,-0.5669,-3.740210729
11/19/2015,15.1569,-0.2466,-1.600934852
11/18/2015,15.4035,-0.0696,-0.449812901
11/17/2015,15.4731,0.0209,0.135255821
11/16/2015,15.4522,-0.1173,-0.753396063
11/13/2015,15.5695,0.0342,0.220143802
11/12/2015,15.5353,0.131,0.850411898
11/11/2015,15.4043,-0.0928,-0.598821715
11/10/2015,15.4971,0.0288,0.186187235
11/9/2015,15.4683,0.1505,0.982517072
11/6/2015,15.3178,0.0252,0.164785583
11/5/2015,15.2926,0.0177,0.115876372
11/4/2015,15.2749,-0.0214,-0.139903114
11/3/2015,15.2963,-0.1,-0.6495067
10/30/2015,15.3963,0.0549,0.357855215
10/29/2015,15.3414,0.0649,0.424835532
10/28/2015,15.2765,0.1577,1.043072201
10/27/2015,15.1188,-0.1214,-0.796577473
10/26/2015,15.2402,-0.0118,-0.077366903
10/23/2015,15.252,0.065,0.42799763
10/22/2015,15.187,-0.1518,-0.989647169
10/21/2015,15.3388,0.0581,0.380218184
10/20/2015,15.2807,-0.0416,-0.27149971
10/19/2015,15.3223,-0.1321,-0.854772751
10/16/2015,15.4544,0.1653,1.081162397
10/15/2015,15.2891,-0.1755,-1.134849915
10/14/2015,15.4646,-0.2208,-1.407678478
10/13/2015,15.6854,0.2354,1.523624595
10/9/2015,15.45,0.2611,1.719018494
10/8/2015,15.1889,-0.1991,-1.29386535
10/7/2015,15.388,0.1839,1.209542163
10/6/2015,15.2041,-0.192,-1.247069063
10/5/2015,15.3961,0.0339,0.220671518
10/2/2015,15.3622,-0.3242,-2.066758466
10/1/2015,15.6864,0.1602,1.031804305
9/30/2015,15.5262,-0.3603,-2.267963365
9/29/2015,15.8865,-0.1009,-0.631122009
9/28/2015,15.9874,0.4883,3.150505513
9/25/2015,15.4991,0.0081,0.052288426
9/24/2015,15.491,-0.7329,-4.517409501
9/23/2015,16.2239,0.5482,3.497132504
9/22/2015,15.6757,0.1294,0.832352393
9/21/2015,15.5463,0.1413,0.917234664
9/18/2015,15.405,0.2854,1.887616074
9/17/2015,15.1196,0.0932,0.620241708
9/16/2015,15.0264,0.0345,0.230124267
9/15/2015,14.9919,0.045,0.301065773
9/14/2015,14.9469,-0.1894,-1.251296552
9/11/2015,15.1363,-0.0625,-0.411216675
9/10/2015,15.1988,0.2888,1.936955064
9/9/2015,14.91,0.0022,0.014757375
9/8/2015,14.9078,-0.102,-0.679556023
9/4/2015,15.0098,0.2963,2.013796853
9/3/2015,14.7135,-0.173,-1.162126759
9/2/2015,14.8865,0.3323,2.283189732
9/1/2015,14.5542,0.1598,1.110153949
8/31/2015,14.3944,0.1987,1.399719633
8/28/2015,14.1957,0.0727,0.514763152
8/27/2015,14.123,-0.093,-0.654192459
8/26/2015,14.216,-0.0916,-0.640219184
8/25/2015,14.3076,0.0361,0.252951687
8/24/2015,14.2715,0.1904,1.352167089
8/21/2015,14.0811,0.0313,0.222778972
8/20/2015,14.0498,-0.071,-0.502804374
8/19/2015,14.1208,-0.0322,-0.227513601
8/18/2015,14.153,-0.0019,-0.013422914
8/17/2015,14.1549,-0.0154,-0.10867801
8/14/2015,14.1703,-0.0308,-0.216884608
8/13/2015,14.2011,0.0426,0.30087933
8/12/2015,14.1585,-0.0528,-0.371535328
8/11/2015,14.2113,-0.1739,-1.20888135
8/10/2015,14.3852,-0.1641,-1.127889314
8/7/2015,14.5493,0.0857,0.592521917
8/6/2015,14.4636,0.3387,2.397893082
8/5/2015,14.1249,0.0464,0.329580566
8/4/2015,14.0785,0.0715,0.510459056
8/3/2015,14.007,0.0562,0.402844281
7/31/2015,13.9508,-0.0439,-0.313690183
7/30/2015,13.9947,-0.2751,-1.927847622
7/29/2015,14.2698,0.0046,0.032246306
7/28/2015,14.2652,-0.0119,-0.08335026
7/27/2015,14.2771,-0.0014,-0.009804952
7/24/2015,14.2785,0.2467,1.758149346
7/23/2015,14.0318,0.2529,1.835415019
7/22/2015,13.7789,0.0073,0.053007639
7/21/2015,13.7716,0.0291,0.211751865
7/20/2015,13.7425,-0.1395,-1.00489843
7/17/2015,13.882,-0.0317,-0.227832999
7/16/2015,13.9137,-0.0164,-0.11773067
7/15/2015,13.9301,-0.0324,-0.232050134
7/14/2015,13.9625,0.0062,0.044424382
7/13/2015,13.9563,0.0273,0.195993969
7/10/2015,13.929,-0.1263,-0.898593413
7/8/2015,14.0553,-0.0462,-0.327624721
7/7/2015,14.1015,-0.0234,-0.16566489
7/6/2015,14.1249,0.0198,0.140374758
7/3/2015,14.1051,-0.0478,-0.337739968
7/2/2015,14.1529,-0.1593,-1.11303643
7/1/2015,14.3122,0.0297,0.207946788
6/30/2015,14.2825,-0.0549,-0.382914615
6/29/2015,14.3374,-0.0228,-0.158772162
6/26/2015,14.3602,-1E-04,-0.000696364
6/25/2015,14.3603,0.0892,0.625039415
6/24/2015,14.2711,0.1003,0.707793491
6/23/2015,14.1708,-0.0655,-0.460091456
6/22/2015,14.2363,-0.0806,-0.562971034
6/19/2015,14.3169,0.0584,0.40958025
6/18/2015,14.2585,0.0429,0.301781142
6/17/2015,14.2156,-0.0996,-0.695763943
6/16/2015,14.3152,-0.0241,-0.168069571
6/15/2015,14.3393,0.1125,0.790761099
6/12/2015,14.2268,0.0054,0.037970945
6/11/2015,14.2214,0.1044,0.739533895
6/10/2015,14.117,0.1212,0.865974078
6/9/2015,13.9958,0.0026,0.018580453
6/8/2015,13.9932,-0.031,-0.221046477
6/5/2015,14.0242,0.0703,0.503801805
6/3/2015,13.9539,0.0653,0.47016978
6/2/2015,13.8886,0.0236,0.170212766
6/1/2015,13.865,0.0934,0.678207325
5/29/2015,13.7716,0.0527,0.384141586
5/28/2015,13.7189,0.0015,0.010935017
5/27/2015,13.7174,0.0611,0.44741255
5/26/2015,13.6563,-0.0128,-0.093641864
5/25/2015,13.6691,-0.0246,-0.179644654
5/22/2015,13.6937,-0.0434,-0.315932766
5/21/2015,13.7371,0.0359,0.262020845
5/20/2015,13.7012,-0.1012,-0.733205819
5/19/2015,13.8024,0.0328,0.238205903
5/18/2015,13.7696,0.0457,0.332995723
5/15/2015,13.7239,-0.0412,-0.299307669
5/14/2015,13.7651,-0.0327,-0.236994303
5/13/2015,13.7978,0.017,0.123360037
5/12/2015,13.7808,-0.0165,-0.119588615
5/11/2015,13.7973,0.0273,0.198257081
5/8/2015,13.77,-0.04,-0.289645185
5/7/2015,13.81,0.1135,0.82867886
5/6/2015,13.6965,0.0115,0.084033613
5/5/2015,13.685,-0.005,-0.036523009
5/4/2015,13.69,0.005,0.036536354
4/30/2015,13.685,0.21,1.558441558
4/29/2015,13.475,-0.03,-0.222139948
4/28/2015,13.505,0.04,0.297066469
4/27/2015,13.465,-0.12,-0.883327199
4/24/2015,13.585,0.04,0.295311923
4/23/2015,13.545,0.03,0.221975583
4/22/2015,13.515,0,0
4/20/2015,13.515,0.08,0.59545962
4/17/2015,13.435,0.1338,1.005924278
4/16/2015,13.3012,0.0462,0.348547718
4/15/2015,13.255,0.01,0.075500189
4/14/2015,13.245,-0.0119,-0.089764575
4/13/2015,13.2569,0.0119,0.089845225
4/10/2015,13.245,-0.01,-0.075443229
4/9/2015,13.255,0.035,0.264750378
4/8/2015,13.22,-0.08,-0.601503759
4/7/2015,13.3,-0.04,-0.299850075
4/6/2015,13.34,-0.035,-0.261682243
4/2/2015,13.375,0.0244,0.182763321
4/1/2015,13.3506,-0.1588,-1.175477815
3/31/2015,13.5094,-0.0912,-0.670558652
3/30/2015,13.6006,-0.0332,-0.243512447
3/27/2015,13.6338,0.0484,0.356264814
3/26/2015,13.5854,0.0204,0.150387025
3/25/2015,13.565,-0.0215,-0.158245317
3/24/2015,13.5865,-0.0309,-0.226915564
3/23/2015,13.6174,-0.0726,-0.530314098
3/20/2015,13.69,-0.0982,-0.712203188
3/19/2015,13.7882,0.1882,1.383823529
3/18/2015,13.6,-0.1826,-1.32485888
3/17/2015,13.7826,-0.1374,-0.987068966
3/16/2015,13.92,0.0146,0.104995182
3/13/2015,13.9054,0.0454,0.327561328
3/12/2015,13.86,0.1381,1.006420394
3/11/2015,13.7219,-0.0254,-0.184763554
3/10/2015,13.7473,-0.14,-1.008115328
3/9/2015,13.8873,0.3573,2.640798226
3/6/2015,13.53,0.215,1.61472024
3/5/2015,13.315,0.0784,0.592297116
3/4/2015,13.2366,0.0716,0.543866312
3/3/2015,13.165,0.0385,0.293299813
3/2/2015,13.1265,0.0805,0.617047371
2/27/2015,13.046,-0.0916,-0.697235416
2/26/2015,13.1376,0.01,0.076175386
2/25/2015,13.1276,0.0026,0.019809524
2/24/2015,13.125,-0.13,-0.980761977
2/23/2015,13.255,-0.015,-0.113036925
2/20/2015,13.27,0.0322,0.243242835
2/19/2015,13.2378,0.0828,0.629418472
2/18/2015,13.155,0.345,2.693208431
2/13/2015,12.81,-0.4081,-3.087433141
2/12/2015,13.2181,-0.0219,-0.165407855
2/11/2015,13.24,0.205,1.572688914
2/10/2015,13.035,0.1391,1.078637396
2/9/2015,12.8959,0.044,0.34236183
2/6/2015,12.8519,-0.0031,-0.02411513
2/5/2015,12.855,0.0509,0.397528917
2/4/2015,12.8041,0.0591,0.463711259
2/3/2015,12.745,-0.1,-0.77851304
2/2/2015,12.845,0.0979,0.768017824
1/30/2015,12.7471,0.0826,0.652216827
1/29/2015,12.6645,-0.0005,-0.003947888
1/28/2015,12.665,0.01,0.07902015
1/27/2015,12.655,-0.0299,-0.235713328
1/26/2015,12.6849,0.0169,0.13340701
1/23/2015,12.668,-0.0102,-0.080453061
1/22/2015,12.6782,0.0932,0.740564164
1/21/2015,12.585,-0.0379,-0.300247962
1/20/2015,12.6229,-0.0423,-0.33398604
1/19/2015,12.6652,0.1167,0.929991632
1/16/2015,12.5485,-0.0615,-0.487708168
1/15/2015,12.61,-0.06,-0.47355959
1/14/2015,12.67,-0.0092,-0.072559783
1/13/2015,12.6792,-0.0755,-0.591938658
1/12/2015,12.7547,0.0597,0.470263883
1/9/2015,12.695,-0.0244,-0.191832948
1/8/2015,12.7194,-0.0106,-0.083267871
1/7/2015,12.73,-0.0394,-0.308550128
1/6/2015,12.7694,-0.0896,-0.696788242
1/5/2015,12.859,-0.036,-0.279177976
1/2/2015,12.895,-0.0583,-0.450078358
1/1/2015,12.9533,0,0
12/31/2014,12.9533,0,0
12/30/2014,12.9533,-0.0067,-0.051697531
12/29/2014,12.96,0.0209,0.161525918
12/26/2014,12.9391,0.0291,0.225406662
12/23/2014,12.91,0.0412,0.320154171
12/22/2014,12.8688,-0.0548,-0.424030456
12/19/2014,12.9236,0.0236,0.182945736
12/18/2014,12.9,0.0031,0.024036784
12/17/2014,12.8969,-0.0981,-0.754905733
12/16/2014,12.995,0.3642,2.883427811
12/15/2014,12.6308,0.1058,0.844710579
12/12/2014,12.525,0.0323,0.258550994
12/11/2014,12.4927,0.0277,0.222222222
12/10/2014,12.465,0.02,0.160707111
12/9/2014,12.445,-0.02,-0.160449258
12/8/2014,12.465,0.07,0.564743848
12/5/2014,12.395,0.01,0.080742834
12/4/2014,12.385,-0.196,-1.557904777
12/3/2014,12.581,0.016,0.127337843
12/2/2014,12.565,0.0852,0.682703248
12/1/2014,12.4798,0.0389,0.312678343
11/28/2014,12.4409,0.1576,1.283042831
11/27/2014,12.2833,-0.009,-0.073216566
11/26/2014,12.2923,0.0531,0.433851886
11/25/2014,12.2392,0.0251,0.205500201
11/24/2014,12.2141,-0.007,-0.057277986
11/21/2014,12.2211,-0.1797,-1.449100058
11/20/2014,12.4008,0.058,0.469909583
11/19/2014,12.3428,-0.0769,-0.619177597
11/18/2014,12.4197,-0.0478,-0.383396832
11/17/2014,12.4675,0.0121,0.097146619
11/14/2014,12.4554,-0.0178,-0.142705962
11/13/2014,12.4732,0.048,0.386311689
11/12/2014,12.4252,0.067,0.542150151
11/11/2014,12.3582,0.0481,0.390736062
11/10/2014,12.3101,0.02,0.162732606
11/7/2014,12.2901,-0.0678,-0.548636904
11/6/2014,12.3579,0.1101,0.898936952
11/5/2014,12.2478,-0.011,-0.089731458
11/4/2014,12.2588,0.0191,0.156049576
11/3/2014,12.2397,0.1039,0.85614463
10/31/2014,12.1358,0.048,0.397094591
10/30/2014,12.0878,0.3677,3.137345244
10/29/2014,11.7201,0.0151,0.129004699
10/28/2014,11.705,-0.05,-0.425350915
10/27/2014,11.755,-0.1181,-0.994685465
10/24/2014,11.8731,-0.0419,-0.351657574
10/23/2014,11.915,0.0606,0.511202591
10/22/2014,11.8544,-0.095,-0.795018997
10/21/2014,11.9494,-0.0206,-0.172096909
10/20/2014,11.97,0.125,1.055297594
10/17/2014,11.845,-0.1086,-0.908512917
10/16/2014,11.9536,0.0621,0.522221755
10/15/2014,11.8915,0.1241,1.054608495
10/14/2014,11.7674,-0.0327,-0.277116296
10/13/2014,11.8001,-0.0935,-0.786137082
10/10/2014,11.8936,0.1104,0.936927151
10/9/2014,11.7832,0.053,0.451825203
10/8/2014,11.7302,0.055,0.471084007
10/7/2014,11.6752,-0.0548,-0.467178176
10/6/2014,11.73,-0.0282,-0.239832627
10/3/2014,11.7582,-0.1218,-1.025252525
10/2/2014,11.88,0.0224,0.188908379
10/1/2014,11.8576,0.0918,0.780227439
9/30/2014,11.7658,-0.0606,-0.512412907
9/29/2014,11.8264,0.2842,2.462268892
9/26/2014,11.5422,-0.0279,-0.241138797
9/25/2014,11.5701,0.0772,0.671719061
9/24/2014,11.4929,-0.0931,-0.803556016
9/23/2014,11.586,-0.0378,-0.325194859
9/22/2014,11.6238,0.1017,0.8826516
9/19/2014,11.5221,0.0546,0.476128188
9/18/2014,11.4675,0.036,0.314919302
9/17/2014,11.4315,0.035,0.307111833
9/16/2014,11.3965,0.0252,0.221610546
9/15/2014,11.3713,-0.0732,-0.639608546
9/12/2014,11.4445,0.1459,1.291310428
9/11/2014,11.2986,-0.0317,-0.279780765
9/10/2014,11.3303,-0.0206,-0.181483407
9/9/2014,11.3509,0.0668,0.59198341
9/8/2014,11.2841,0.0248,0.220262361
9/5/2014,11.2593,-0.0061,-0.054148099
9/4/2014,11.2654,0.1004,0.899238692
9/3/2014,11.165,-0.01,-0.089485459
9/2/2014,11.175,0.03,0.269179004
9/1/2014,11.145,0.04,0.360198109
8/29/2014,11.105,0.0168,0.151512419
8/28/2014,11.0882,-0.0299,-0.268930843
8/27/2014,11.1181,0.0101,0.090925459
8/26/2014,11.108,1E-04,0.00090026
8/25/2014,11.1079,-0.0045,-0.040495303
8/22/2014,11.1124,-0.0276,-0.247755835
8/21/2014,11.14,0.0287,0.258295609
8/20/2014,11.1113,0.0228,0.205618434
8/19/2014,11.0885,-0.0248,-0.223156038
8/18/2014,11.1133,-0.0477,-0.427381059
8/15/2014,11.161,-0.0489,-0.436221554
8/14/2014,11.2099,-0.0517,-0.459082191
8/13/2014,11.2616,0.0437,0.389555978
8/12/2014,11.2179,-0.0127,-0.113083896
8/11/2014,11.2306,0.0056,0.049888641
8/8/2014,11.225,-0.055,-0.487588652
8/7/2014,11.28,0.055,0.489977728
8/6/2014,11.225,-0.06,-0.53167922
8/5/2014,11.285,0.2,1.804239964
8/4/2014,11.085,0,0
8/1/2014,11.085,0.1252,1.142356612
7/31/2014,10.9598,0.004,0.036510342
7/30/2014,10.9558,0.044,0.403233197
7/29/2014,10.9118,0.0111,0.101828323
7/28/2014,10.9007,0.043,0.396032309
7/25/2014,10.8577,-0.0584,-0.534989603
7/24/2014,10.9161,0.0811,0.748500231
7/23/2014,10.835,0.0488,0.452429957
7/22/2014,10.7862,-0.0314,-0.290267712
7/21/2014,10.8176,-0.0074,-0.068360277
7/18/2014,10.825,0.035,0.324374421
7/17/2014,10.79,-0.095,-0.87276068
7/16/2014,10.885,0.0076,0.069869638
7/15/2014,10.8774,0.0112,0.103071911
7/14/2014,10.8662,-0.0136,-0.125002298
7/11/2014,10.8798,-0.0074,-0.067969726
7/10/2014,10.8872,0.04,0.368758758
7/8/2014,10.8472,0.0029,0.026742159
7/7/2014,10.8443,-0.0206,-0.189601377
7/4/2014,10.8649,0.0059,0.054332811
7/3/2014,10.859,0.0092,0.08479419
7/2/2014,10.8498,0.01,0.092252625
7/1/2014,10.8398,-0.048,-0.440860413
6/30/2014,10.8878,0.0052,0.047782699
6/27/2014,10.8826,-0.0079,-0.072540287
6/26/2014,10.8905,0.028,0.257767549
6/25/2014,10.8625,-0.0459,-0.420776649
6/24/2014,10.9084,-0.0079,-0.072368843
6/23/2014,10.9163,-0.0212,-0.193828571
6/20/2014,10.9375,0.0184,0.168512057
6/19/2014,10.9191,-0.0359,-0.327704245
6/18/2014,10.955,0.0095,0.086793659
6/17/2014,10.9455,-0.0098,-0.089454419
6/16/2014,10.9553,0.0311,0.284689039
6/13/2014,10.9242,-0.0537,-0.489164594
6/12/2014,10.9779,-0.01,-0.091009201
6/11/2014,10.9879,-0.0171,-0.155383916
6/10/2014,11.005,0.0593,0.541765259
6/9/2014,10.9457,0.0282,0.258300893
6/6/2014,10.9175,-0.0975,-0.885156605
6/5/2014,11.015,-0.0525,-0.47436187
6/4/2014,11.0675,-0.0232,-0.209184272
6/3/2014,11.0907,0.0059,0.053226039
6/2/2014,11.0848,0.008,0.072223025
5/30/2014,11.0768,-0.0732,-0.656502242
5/29/2014,11.15,0.0098,0.087969695
5/28/2014,11.1402,-0.0461,-0.412111243
5/27/2014,11.1863,0.031,0.277894812
5/26/2014,11.1553,0.0113,0.101399856
5/23/2014,11.144,-0.008,-0.071736011
5/22/2014,11.152,-0.0809,-0.720205824
5/21/2014,11.2329,-0.0199,-0.176844874
5/20/2014,11.2528,-0.0058,-0.051516174
5/19/2014,11.2586,-0.012,-0.106471705
5/16/2014,11.2706,-0.0065,-0.057638932
5/15/2014,11.2771,-0.0379,-0.334953601
5/14/2014,11.315,-0.015,-0.13239188
5/13/2014,11.33,0.0129,0.113986799
5/12/2014,11.3171,0.0332,0.294224515
5/9/2014,11.2839,-0.0664,-0.585006564
5/8/2014,11.3503,0.051,0.451355394
5/7/2014,11.2993,-0.0457,-0.402820626
5/6/2014,11.345,0.0249,0.219962721
5/5/2014,11.3201,0.0314,0.27815426
5/2/2014,11.2887,-0.0281,-0.248303407
5/1/2014,11.3168,0.0142,0.12563481
4/30/2014,11.3026,-0.0242,-0.213652576
4/29/2014,11.3268,0.0151,0.133490103
4/28/2014,11.3117,-0.0183,-0.161518094
4/25/2014,11.33,0.0479,0.424566348
4/24/2014,11.2821,0.0157,0.139352411
4/23/2014,11.2664,-0.0786,-0.692816219
4/22/2014,11.345,0.0308,0.272224285
4/18/2014,11.3142,0.034,0.301413096
4/17/2014,11.2802,-0.0898,-0.789797713
4/16/2014,11.37,-0.025,-0.219394471
4/15/2014,11.395,0.0272,0.239272331
4/14/2014,11.3678,0.0496,0.438232228
4/11/2014,11.3182,0.0154,0.136249425
4/10/2014,11.3028,-0.0402,-0.354403597
4/9/2014,11.343,0.0504,0.446309973
4/8/2014,11.2926,-0.0524,-0.461877479
4/7/2014,11.345,0.0438,0.387569462
4/4/2014,11.3012,0.0128,0.113390737
4/3/2014,11.2884,-0.0499,-0.44010125
4/2/2014,11.3383,-0.0551,-0.48361332
4/1/2014,11.3934,-0.0016,-0.014041246
3/31/2014,11.395,0.0229,0.20137002
3/28/2014,11.3721,0.0496,0.438065798
3/27/2014,11.3225,-0.0389,-0.342387382
3/26/2014,11.3614,-0.0186,-0.16344464
3/25/2014,11.38,-0.008,-0.070249385
3/24/2014,11.388,-0.0128,-0.112272823
3/21/2014,11.4008,-0.0433,-0.378360902
3/20/2014,11.4441,0.0101,0.088333042
3/19/2014,11.434,0.0583,0.512495934
3/18/2014,11.3757,0.0434,0.382976095
3/17/2014,11.3323,0.0104,0.091857374
3/14/2014,11.3219,-0.0431,-0.379234492
3/13/2014,11.365,0.07,0.619743249
3/12/2014,11.295,0.0109,0.096596095
3/11/2014,11.2841,-0.0809,-0.71183458
3/10/2014,11.365,0.025,0.220458554
3/7/2014,11.34,0.1304,1.16328861
3/6/2014,11.2096,0.0046,0.041053101
3/5/2014,11.205,-0.06,-0.532623169
2/28/2014,11.265,0.182,1.642154651
2/27/2014,11.083,-0.072,-0.645450471
2/26/2014,11.155,0.0341,0.306629859
2/25/2014,11.1209,-0.0369,-0.330710355
2/24/2014,11.1578,0.0118,0.105867576
2/21/2014,11.146,-0.009,-0.080681309
2/20/2014,11.155,-0.083,-0.738565581
2/19/2014,11.238,-0.001,-0.008897589
2/18/2014,11.239,-0.106,-0.934332305
2/17/2014,11.345,-0.095,-0.83041958
2/14/2014,11.44,-0.0434,-0.377936848
2/13/2014,11.4834,-0.0147,-0.12784721
2/12/2014,11.4981,0.0695,0.60812348
2/11/2014,11.4286,0.0141,0.123527093
2/10/2014,11.4145,-0.0474,-0.413544002
2/7/2014,11.4619,-0.1057,-0.91375912
2/6/2014,11.5676,0.0239,0.207039337
2/5/2014,11.5437,-0.1252,-1.072937466
2/4/2014,11.6689,-0.1524,-1.289198312
2/3/2014,11.8213,0.0963,0.821321962
1/31/2014,11.725,0.0315,0.269380425
1/30/2014,11.6935,0.2043,1.778191693
1/29/2014,11.4892,0.2245,1.992951432
1/28/2014,11.2647,0.0084,0.074624877
1/27/2014,11.2563,0.1087,0.975097779
1/24/2014,11.1476,-0.0379,-0.338831523
1/23/2014,11.1855,0.076,0.684099194
1/22/2014,11.1095,0.036,0.325100465
1/21/2014,11.0735,0.042,0.380727916
1/20/2014,11.0315,0.1019,0.932330552
1/17/2014,10.9296,-0.0454,-0.413667426
1/16/2014,10.975,0.215,1.998141264
1/15/2014,10.76,-0.0296,-0.274338252
1/14/2014,10.7896,0.0765,0.714079025
1/13/2014,10.7131,0.0681,0.639736966
1/10/2014,10.645,0.08,0.757217227
1/9/2014,10.565,0,0
1/8/2014,10.565,0.0425,0.403896412
1/7/2014,10.5225,-0.0209,-0.198228276
1/6/2014,10.5434,-0.0047,-0.044557788
1/2/2014,10.5481,-0.0103,-0.097552659
12/31/2013,10.5584,0.0017,0.016103517
12/30/2013,10.5567,-0.0053,-0.05017989
12/27/2013,10.562,-0.0554,-0.521784994
12/26/2013,10.6174,0.0259,0.244535713
12/24/2013,10.5915,0.0036,0.034001077
12/23/2013,10.5879,-0.0229,-0.215817846
12/20/2013,10.6108,0.1054,1.003293544
12/19/2013,10.5054,0.0711,0.681406515
12/18/2013,10.4343,0.0016,0.015336394
12/17/2013,10.4327,-0.02,-0.191338123
12/16/2013,10.4527,-0.0115,-0.109898511
12/13/2013,10.4642,0.0306,0.293283239
12/12/2013,10.4336,0.0018,0.017254932
12/11/2013,10.4318,-0.0884,-0.840288207
12/10/2013,10.5202,-0.0172,-0.163228121
12/9/2013,10.5374,-0.0276,-0.261239943
12/6/2013,10.565,-0.0303,-0.285975857
12/5/2013,10.5953,-0.0075,-0.070736032
12/4/2013,10.6028,-0.0611,-0.572961112
12/3/2013,10.6639,-1E-04,-0.000937734
12/2/2013,10.664,0.075,0.70828218
11/29/2013,10.589,0.0391,0.370619627
11/28/2013,10.5499,-0.1863,-1.735250834
11/27/2013,10.7362,-0.0095,-0.088407456
11/26/2013,10.7457,-0.0753,-0.695869143
11/25/2013,10.821,0.0555,0.515535739
11/22/2013,10.7655,-0.0127,-0.117830436
11/21/2013,10.7782,0.1045,0.979041944
11/20/2013,10.6737,0.0012,0.011243851
11/19/2013,10.6725,0.0286,0.268698503
11/18/2013,10.6439,-0.0592,-0.553110781
11/15/2013,10.7031,0.0084,0.078543578
11/14/2013,10.6947,-0.0491,-0.457007763
11/13/2013,10.7438,-0.0895,-0.826156388
11/12/2013,10.8333,-0.0469,-0.431058253
11/11/2013,10.8802,0.0419,0.386591993
11/8/2013,10.8383,0.0588,0.545479846
11/7/2013,10.7795,0.124,1.163718268
11/6/2013,10.6555,0.064,0.604258132
11/5/2013,10.5915,0.0678,0.644260099
11/4/2013,10.5237,-0.0375,-0.355073287
11/1/2013,10.5612,0.0815,0.777694018
10/31/2013,10.4797,0.0198,0.189294353
10/30/2013,10.4599,0.0207,0.198291057
10/29/2013,10.4392,0.0287,0.275683204
10/28/2013,10.4105,0.0304,0.292868084
10/25/2013,10.3801,-0.0407,-0.390565024
10/24/2013,10.4208,0.0473,0.455969538
10/23/2013,10.3735,-0.04,-0.384116771
10/22/2013,10.4135,-0.0222,-0.212731297
10/21/2013,10.4357,0.0483,0.464986426
10/18/2013,10.3874,0.0848,0.8230932
10/17/2013,10.3026,0.0573,0.559280841
10/16/2013,10.2453,-0.0047,-0.045853659
10/15/2013,10.25,-0.0108,-0.105254951
10/14/2013,10.2608,0.0184,0.179645396
10/11/2013,10.2424,0.0887,0.87357318
10/10/2013,10.1537,0.1997,2.006228652
10/9/2013,9.954,-0.0289,-0.289495037
10/8/2013,9.9829,0.0213,0.213821073
10/7/2013,9.9616,-0.0248,-0.248337739
10/4/2013,9.9864,-0.0275,-0.274618281
10/3/2013,10.0139,-0.1241,-1.224107319
10/2/2013,10.138,0.0314,0.310688065
10/1/2013,10.1066,0.0261,0.258915728
9/30/2013,10.0805,0.1328,1.334981956
9/27/2013,9.9477,-0.0303,-0.30366807
9/26/2013,9.978,0.1167,1.183413952
9/25/2013,9.8613,0.0112,0.113704429
9/24/2013,9.8501,-0.0683,-0.688619132
9/23/2013,9.9184,0.0327,0.330780825
9/20/2013,9.8857,-0.0543,-0.546277666
9/19/2013,9.94,0.0325,0.328034317
9/18/2013,9.9075,-0.2156,-2.129782379
9/17/2013,10.1231,-0.086,-0.842385715
9/16/2013,10.2091,0.0371,0.364726701
9/13/2013,10.172,-0.0162,-0.159007479
9/12/2013,10.1882,0.097,0.96123355
9/11/2013,10.0912,0.0598,0.596128158
9/10/2013,10.0314,0.0092,0.091796212
9/9/2013,10.0222,0.0473,0.474190217
9/6/2013,9.9749,-0.1828,-1.799619993
9/5/2013,10.1577,-0.0436,-0.427396508
9/4/2013,10.2013,0.028,0.27523026
9/3/2013,10.1733,-0.0215,-0.210891827
9/2/2013,10.1948,0.0045,0.044159642
8/30/2013,10.1903,0.0742,0.733484248
8/29/2013,10.1161,0.1798,1.809526685
8/28/2013,9.9363,-0.0685,-0.684671358
8/27/2013,10.0048,0.0381,0.382272969
8/26/2013,9.9667,0.0832,0.841807052
8/23/2013,9.8835,-0.303,-2.974525107
8/22/2013,10.1865,0.0133,0.130735658
8/21/2013,10.1732,0.2146,2.154921374
8/20/2013,9.9586,-0.273,-2.668204386
8/19/2013,10.2316,0.2836,2.850824286
8/16/2013,9.948,0.2608,2.692212404
8/15/2013,9.6872,0.0266,0.275345217
8/14/2013,9.6606,0.0944,0.986807719
8/13/2013,9.5662,0.1122,1.186799238
8/12/2013,9.454,0.12,1.285622456
8/9/2013,9.334,-0.0497,-0.529641826
8/8/2013,9.3837,-0.0137,-0.145785004
8/7/2013,9.3974,-0.0126,-0.133900106
8/6/2013,9.41,0.0157,0.167122617
8/5/2013,9.3943,-0.0056,-0.059575102
8/2/2013,9.3999,-0.0757,-0.798894001
8/1/2013,9.4756,0.2408,2.607528046
7/31/2013,9.2348,-0.012,-0.129774625
7/30/2013,9.2468,0.0471,0.511973217
7/29/2013,9.1997,0.0656,0.718187889
7/26/2013,9.1341,0.0629,0.693403298
7/25/2013,9.0712,0.0234,0.258626406
7/24/2013,9.0478,0.0452,0.502077178
7/23/2013,9.0026,-0.0739,-0.814190492
7/22/2013,9.0765,-0.005,-0.055056984
7/19/2013,9.0815,0.0371,0.410198576
7/18/2013,9.0444,-0.0463,-0.509311714
7/17/2013,9.0907,-0.0471,-0.515441353
7/16/2013,9.1378,-0.1086,-1.174511161
7/15/2013,9.2464,0.0279,0.302652275
7/12/2013,9.2185,0.0433,0.471924318
7/11/2013,9.1752,0.0672,0.737812912
7/10/2013,9.108,-0.0622,-0.678284007
7/9/2013,9.1702,-0.0115,-0.125249137
7/8/2013,9.1817,-0.0401,-0.434839185
7/5/2013,9.2218,0.0074,0.080309081
7/4/2013,9.2144,-0.0139,-0.150623625
7/3/2013,9.2283,-0.0258,-0.278795345
7/2/2013,9.2541,-0.12,-1.280122892
7/1/2013,9.3741,0.0074,0.079003278
6/28/2013,9.3667,0.0519,0.557177825
6/27/2013,9.3148,-0.1068,-1.133565424
6/26/2013,9.4216,-0.0191,-0.202315506
6/25/2013,9.4407,-0.155,-1.615306856
6/24/2013,9.5957,-0.2611,-2.648932717
6/21/2013,9.8568,0.0755,0.771881038
6/20/2013,9.7813,0.0042,0.042957523
6/19/2013,9.7771,0.1912,1.99459623
6/18/2013,9.5859,0.1903,2.025416152
6/17/2013,9.3956,0.155,1.677380257
6/14/2013,9.2406,0.1539,1.693684176
6/13/2013,9.0867,-0.1888,-2.035469786
6/12/2013,9.2755,0.2271,2.509835993
6/11/2013,9.0484,0.0164,0.181576616
6/10/2013,9.032,0.1273,1.429582131
6/7/2013,8.9047,0.006,0.067425579
6/6/2013,8.8987,0.1219,1.388888889
6/5/2013,8.7768,0.0892,1.026750771
6/4/2013,8.6876,-0.0157,-0.180391346
6/3/2013,8.7033,0.0322,0.371348502
5/31/2013,8.6711,0.4143,5.017682395
5/29/2013,8.2568,-0.0803,-0.96316465
5/28/2013,8.3371,0.0115,0.138128183
5/27/2013,8.3256,-0.0057,-0.068416694
5/24/2013,8.3313,0.0425,0.512740083
5/23/2013,8.2888,-0.0117,-0.140955364
5/22/2013,8.3005,0.0256,0.309369298
5/21/2013,8.2749,-0.0351,-0.422382671
5/20/2013,8.31,0.0834,1.013784553
5/17/2013,8.2266,0.0188,0.229050415
5/16/2013,8.2078,0.0867,1.067589366
5/15/2013,8.1211,-0.011,-0.135266413
5/14/2013,8.1321,0.0809,1.004819157
5/13/2013,8.0512,-0.0299,-0.369999134
5/10/2013,8.0811,0.0851,1.064282141
5/9/2013,7.996,0.0254,0.318671116
5/8/2013,7.9706,0.0241,0.303278173
5/7/2013,7.9465,-0.0568,-0.709707246
5/6/2013,8.0033,-0.0288,-0.358561273
5/3/2013,8.0321,0.0572,0.717250373
5/2/2013,7.9749,-0.0451,-0.56234414
4/30/2013,8.02,0.0086,0.10734703
4/29/2013,8.0114,0.0094,0.117470632
4/26/2013,8.002,-0.0559,-0.693729135
4/25/2013,8.0579,0.0815,1.021764204
4/24/2013,7.9764,0.0326,0.41038294
4/23/2013,7.9438,-0.0007,-0.008811127
4/22/2013,7.9445,-0.0478,-0.598075648
4/19/2013,7.9923,0.0279,0.350308874
4/18/2013,7.9644,-0.3395,-4.088440371
4/17/2013,8.3039,-0.0557,-0.666299823
4/16/2013,8.3596,0.0746,0.90042245
4/15/2013,8.285,-0.0219,-0.263636254
4/12/2013,8.3069,0.2237,2.767468329
4/11/2013,8.0832,0.0148,0.183431659
4/10/2013,8.0684,0.045,0.560859486
4/9/2013,8.0234,0.0528,0.662434447
4/8/2013,7.9706,0.0534,0.674480877
4/5/2013,7.9172,-0.0818,-1.022627828
4/4/2013,7.999,-0.0102,-0.127353543
4/3/2013,8.0092,0.0901,1.137755553
4/2/2013,7.9191,-0.0121,-0.152562033
4/1/2013,7.9312,0.041,0.519631948
3/29/2013,7.8902,-0.0447,-0.563334131
3/28/2013,7.9349,0.0401,0.50792927
3/27/2013,7.8948,-0.0514,-0.646850067
3/26/2013,7.9462,0.0332,0.419562745
3/25/2013,7.913,0.0091,0.115133036
3/22/2013,7.9039,-0.0341,-0.429579239
3/21/2013,7.938,-0.0086,-0.108222384
3/20/2013,7.9466,0.0148,0.186590686
3/19/2013,7.9318,-0.0491,-0.615218835
3/18/2013,7.9809,0.0124,0.155612725
3/15/2013,7.9685,-0.0413,-0.515618367
3/14/2013,8.0098,-0.0486,-0.603097389
3/13/2013,8.0584,0.045,0.561559388
3/12/2013,8.0134,0.0706,0.888855316
3/11/2013,7.9428,-0.0832,-1.036630949
3/8/2013,8.026,0.1434,1.819196712
3/7/2013,7.8826,0.1281,1.651944032
3/6/2013,7.7545,0.005,0.064520292
3/5/2013,7.7495,0.0236,0.30546603
3/4/2013,7.7259,0.0216,0.280362914
3/1/2013,7.7043,-0.0022,-0.02854733
2/28/2013,7.7065,-0.1069,-1.368162388
2/27/2013,7.8134,-0.0829,-1.049858795
2/26/2013,7.8963,-0.0068,-0.086042186
2/25/2013,7.9031,-0.0043,-0.054379442
2/22/2013,7.9074,0.1484,1.912617605
2/21/2013,7.759,-0.0177,-0.227602968
2/20/2013,7.7767,-0.0854,-1.086223782
2/19/2013,7.8621,0.0558,0.714807271
2/18/2013,7.8063,0.1036,1.344982928
2/15/2013,7.7027,0.2726,3.668860446
2/14/2013,7.4301,-0.0078,-0.10486831
2/13/2013,7.4379,0.0041,0.055153488
2/8/2013,7.4338,0.0454,0.614476747
2/7/2013,7.3884,0.0577,0.787100823
2/6/2013,7.3307,0.0455,0.62455389
2/5/2013,7.2852,0.0069,0.094802358
2/4/2013,7.2783,-0.0022,-0.030217705
2/1/2013,7.2805,0.0644,0.89244883
1/31/2013,7.2161,0.0023,0.031883335
1/30/2013,7.2138,-0.0035,-0.048494589
1/29/2013,7.2173,-0.042,-0.578568182
1/28/2013,7.2593,-0.0507,-0.693570451
1/25/2013,7.31,0.0862,1.193277776
1/24/2013,7.2238,0.0382,0.531618793
1/23/2013,7.1856,0.0106,0.147735192
1/22/2013,7.175,-0.0134,-0.186411441
1/21/2013,7.1884,0.0069,0.096080206
1/18/2013,7.1815,-0.0203,-0.281873976
1/17/2013,7.2018,0.0423,0.590823382
1/16/2013,7.1595,0.0509,0.7160341
1/15/2013,7.1086,0.0109,0.153570875
1/14/2013,7.0977,0.0014,0.019728591
1/11/2013,7.0963,-0.0093,-0.130882684
1/10/2013,7.1056,-0.0374,-0.523589528
1/9/2013,7.143,-0.0176,-0.245789459
1/8/2013,7.1606,0.0456,0.640899508
1/7/2013,7.115,-0.0187,-0.262136058
1/4/2013,7.1337,0.0241,0.338978283
1/3/2013,7.1096,-0.0186,-0.26093544
1/2/2013,7.1282,-0.006,-0.084101932
12/28/2012,7.1342,0.0021,0.029444343
12/27/2012,7.1321,-0.0012,-0.016822509
12/26/2012,7.1333,-0.0314,-0.438259802
12/25/2012,7.1647,0,0
12/24/2012,7.1647,-0.0051,-0.071131691
12/21/2012,7.1698,0.0123,0.171847712
12/20/2012,7.1575,0.0697,0.983379892
12/19/2012,7.0878,0.0247,0.349704804
12/18/2012,7.0631,-0.0142,-0.200641488
12/17/2012,7.0773,0.0257,0.364456294
12/14/2012,7.0516,-0.0253,-0.357501166
12/13/2012,7.0769,-0.0176,-0.248079498
12/12/2012,7.0945,0.0078,0.110065334
12/11/2012,7.0867,0.0405,0.574777894
12/10/2012,7.0462,0.0593,0.848731197
12/7/2012,6.9869,0.129,1.881042302
12/6/2012,6.8579,-0.2168,-3.064440895
12/5/2012,7.0747,-0.0639,-0.8951335
12/4/2012,7.1386,-0.0283,-0.394870865
12/3/2012,7.1669,-0.0022,-0.030687255
11/30/2012,7.1691,-0.1,-1.375686123
11/29/2012,7.2691,0.0229,0.316027711
11/28/2012,7.2462,0.0141,0.194964118
11/27/2012,7.2321,-0.0215,-0.296404544
11/26/2012,7.2536,0.005,0.068978837
11/23/2012,7.2486,-0.0092,-0.126760175
11/22/2012,7.2578,-0.0113,-0.155452532
11/21/2012,7.2691,-0.0109,-0.149725275
11/20/2012,7.28,0.021,0.289296046
11/19/2012,7.259,-0.0249,-0.341849833
11/16/2012,7.2839,-0.0439,-0.599088403
11/14/2012,7.3278,0.0408,0.559901194
11/13/2012,7.287,0.0231,0.318010986
11/12/2012,7.2639,0.0045,0.061988594
11/9/2012,7.2594,0.0232,0.320610265
11/8/2012,7.2362,0.0067,0.092675842
11/7/2012,7.2295,0.0103,0.142675089
11/6/2012,7.2192,-0.0039,-0.053993438
11/5/2012,7.2231,-0.0336,-0.463020381
11/1/2012,7.2567,0.0197,0.272212243
10/31/2012,7.237,-0.006,-0.082838603
10/30/2012,7.243,0.0078,0.10780628
10/29/2012,7.2352,0.0208,0.288312264
10/26/2012,7.2144,-0.0075,-0.103850787
10/25/2012,7.2219,0.0015,0.020774472
10/24/2012,7.2204,-0.0436,-0.600220264
10/23/2012,7.264,-0.0044,-0.060536019
10/22/2012,7.2684,0.0012,0.01651255
10/19/2012,7.2672,0.0015,0.020644948
10/18/2012,7.2657,-0.0155,-0.212876998
10/17/2012,7.2812,0.0361,0.498267795
10/16/2012,7.2451,-0.0533,-0.730297051
10/15/2012,7.2984,0.0406,0.559398165
10/12/2012,7.2578,-0.0053,-0.072971596
10/11/2012,7.2631,-0.0051,-0.07016868
10/10/2012,7.2682,0.025,0.345151314
10/9/2012,7.2432,0.0025,0.034527048
10/8/2012,7.2407,0.0234,0.324220969
10/5/2012,7.2173,-0.1617,-2.191353842
10/4/2012,7.379,-0.0202,-0.273002487
10/3/2012,7.3992,-0.0404,-0.543039948
10/2/2012,7.4396,-0.0119,-0.159699389
10/1/2012,7.4515,-0.015,-0.200897341
9/28/2012,7.4665,-0.032,-0.426752017
9/27/2012,7.4985,-0.0053,-0.07063088
9/26/2012,7.5038,0.025,0.334278226
9/25/2012,7.4788,-0.0362,-0.48170326
9/24/2012,7.515,-0.0001,-0.001330654
9/21/2012,7.5151,-0.0215,-0.285274527
9/20/2012,7.5366,-0.0018,-0.023877746
9/19/2012,7.5384,0.0027,0.035829452
9/18/2012,7.5357,0.0158,0.210109177
9/17/2012,7.5199,0.0405,0.541487285
9/14/2012,7.4794,0.0157,0.210351434
9/13/2012,7.4637,-0.0272,-0.363107237
9/12/2012,7.4909,0.0004,0.005340097
9/11/2012,7.4905,-0.0186,-0.247699458
9/10/2012,7.5091,0.0318,0.425287203
9/6/2012,7.4773,0.0026,0.034784005
9/5/2012,7.4747,-0.005,-0.066847601
9/4/2012,7.4797,0.059,0.795073241
9/3/2012,7.4207,-0.0503,-0.673269977
8/31/2012,7.471,-0.0031,-0.041476566
8/30/2012,7.4741,0.0786,1.062808465
8/29/2012,7.3955,-0.0628,-0.842014936
8/28/2012,7.4583,-0.0301,-0.401955024
8/27/2012,7.4884,-0.0682,-0.902522298
8/24/2012,7.5566,0.014,0.185612388
8/23/2012,7.5426,0.0305,0.406011635
8/22/2012,7.5121,0.0369,0.493632277
8/21/2012,7.4752,-0.0108,-0.144269303
8/20/2012,7.486,-0.0141,-0.187997493
8/17/2012,7.5001,0.01,0.133509566
8/16/2012,7.4901,0.03,0.402139382
8/15/2012,7.4601,0,0
8/14/2012,7.4601,0,0
8/13/2012,7.4601,-0.01,-0.133867017
8/10/2012,7.4701,0.0928,1.257912787
8/9/2012,7.3773,-0.0628,-0.844074676
8/8/2012,7.4401,0.0569,0.770668545
8/7/2012,7.3832,-0.0171,-0.231071713
8/6/2012,7.4003,-0.0118,-0.159199147
8/3/2012,7.4121,0.0399,0.54122243
8/2/2012,7.3722,-0.076,-1.020380763
8/1/2012,7.4482,0.014,0.188318851
7/31/2012,7.4342,0.0082,0.110422839
7/30/2012,7.426,-0.0351,-0.470440016
7/27/2012,7.4611,0.0741,1.003113578
7/26/2012,7.387,0.0549,0.748762292
7/25/2012,7.3321,-0.0341,-0.462925253
7/24/2012,7.3662,0.0058,0.078800065
7/23/2012,7.3604,-0.0315,-0.426142129
7/20/2012,7.3919,0.0527,0.718061914
7/19/2012,7.3392,-0.051,-0.69010311
7/18/2012,7.3902,-0.0432,-0.581160707
7/17/2012,7.4334,0.0981,1.337368615
7/16/2012,7.3353,0.0075,0.102349955
7/13/2012,7.3278,-0.0558,-0.755728913
7/12/2012,7.3836,0.0357,0.485853101
7/11/2012,7.3479,-0.082,-1.103648771
7/10/2012,7.4299,-0.0502,-0.671114023
7/9/2012,7.4801,-0.0099,-0.132176235
7/6/2012,7.49,-0.0838,-1.106445906
7/5/2012,7.5738,-0.0101,-0.133176862
7/4/2012,7.5839,0.0397,0.526232072
7/3/2012,7.5442,0.0157,0.208540878
7/2/2012,7.5285,-0.0512,-0.675488476
6/29/2012,7.5797,0.0208,0.275172313
6/28/2012,7.5589,-0.0602,-0.790119568
6/27/2012,7.6191,-0.009,-0.117984819
6/26/2012,7.6281,0.0252,0.331452472
6/25/2012,7.6029,-0.1087,-1.409564811
6/22/2012,7.7116,0.0176,0.228749675
6/21/2012,7.694,-0.0304,-0.393558076
6/20/2012,7.7244,0.0643,0.839414629
6/19/2012,7.6601,-0.0276,-0.35901505
6/18/2012,7.6877,-0.0189,-0.245244336
6/15/2012,7.7066,0.0475,0.620177305
6/14/2012,7.6591,-0.005,-0.065239232
6/13/2012,7.6641,-0.0317,-0.411912992
6/12/2012,7.6958,-0.0136,-0.176408021
6/11/2012,7.7094,-0.1207,-1.541487337
6/8/2012,7.8301,-0.069,-0.873517236
6/7/2012,7.8991,0.0013,0.01646028
6/6/2012,7.8978,-0.0458,-0.576564782
6/5/2012,7.9436,-0.0449,-0.562057958
6/4/2012,7.9885,0.0747,0.943920746
6/1/2012,7.9138,-0.0128,-0.161481594
5/31/2012,7.9266,-0.0451,-0.565751345
5/30/2012,7.9717,-0.0315,-0.393592563
5/29/2012,8.0032,-0.134,-1.646758099
5/28/2012,8.1372,0.0506,0.625726511
5/25/2012,8.0866,0.1366,1.718238994
5/24/2012,7.95,0.0299,0.377520486
5/23/2012,7.9201,0.08,1.020395148
5/22/2012,7.8401,0.0308,0.394401547
5/21/2012,7.8093,0.117,1.521001521
5/18/2012,7.6923,-0.0578,-0.745796828
5/17/2012,7.7501,-0.0423,-0.54283661
5/16/2012,7.7924,-0.0313,-0.400066465
5/15/2012,7.8237,-0.0725,-0.918163167
5/14/2012,7.8962,-0.1072,-1.339430742
5/11/2012,8.0034,0.015,0.18777227
5/10/2012,7.9884,-0.1158,-1.428888724
5/9/2012,8.1042,0.1032,1.28983877
5/8/2012,8.001,0.0989,1.251566039
5/7/2012,7.9021,-0.0152,-0.191984641
5/4/2012,7.9173,-0.1962,-2.418191902
5/3/2012,8.1135,-0.0965,-1.175395859
5/2/2012,8.21,-0.07,-0.845410628
4/30/2012,8.28,-0.0201,-0.242165757
4/27/2012,8.3001,-0.0599,-0.716507177
4/26/2012,8.36,-0.06,-0.712589074
4/25/2012,8.42,0.0142,0.168930976
4/24/2012,8.4058,-0.0795,-0.936914428
4/23/2012,8.4853,0.0321,0.379737851
4/20/2012,8.4532,-0.0258,-0.304281165
4/19/2012,8.479,-0.2262,-2.598446905
4/18/2012,8.7052,0.0129,0.148407211
4/17/2012,8.6923,-0.0487,-0.557144491
4/16/2012,8.741,0.0102,0.116827782
4/13/2012,8.7308,-0.0693,-0.787491051
4/12/2012,8.8001,0.04,0.456615792
4/11/2012,8.7601,0.0069,0.078828314
4/10/2012,8.7532,0.0273,0.312861711
4/9/2012,8.7259,-0.0542,-0.617305042
4/5/2012,8.7801,-0.0195,-0.221600982
4/4/2012,8.7996,-0.0931,-1.04692613
4/3/2012,8.8927,-0.0473,-0.529082774
4/2/2012,8.94,-0.0327,-0.364438798
3/30/2012,8.9727,-0.0023,-0.025626741
3/29/2012,8.975,0.0164,0.183064318
3/28/2012,8.9586,-0.0215,-0.239418269
3/27/2012,8.9801,-0.02,-0.222219753
3/26/2012,9.0001,0.0226,0.251740462
3/23/2012,8.9775,-0.0091,-0.101261879
3/22/2012,8.9866,-0.0185,-0.20543914
3/21/2012,9.0051,-0.039,-0.431220354
3/20/2012,9.0441,-0.0145,-0.160068885
3/19/2012,9.0586,0.0255,0.282295115
3/16/2012,9.0331,0.0509,0.566676315
3/15/2012,8.9822,0.2565,2.939592239
3/14/2012,8.7257,-0.0347,-0.396100635
3/13/2012,8.7604,0.0393,0.450631228
3/12/2012,8.7211,0.039,0.449200078
3/9/2012,8.6821,-0.0255,-0.292847627
3/8/2012,8.7076,-0.2451,-2.737721581
3/7/2012,8.9527,-0.1208,-1.331349534
3/6/2012,9.0735,0.0379,0.419451946
3/5/2012,9.0356,-0.0307,-0.338616635
3/2/2012,9.0663,-0.1118,-1.218117039
3/1/2012,9.1781,-0.0693,-0.749399831
2/29/2012,9.2474,-0.0323,-0.348071597
2/28/2012,9.2797,-0.0832,-0.888613571
2/27/2012,9.3629,0.0535,0.57468795
2/24/2012,9.3094,0.0576,0.622581552
2/23/2012,9.2518,0.044,0.477855731
2/22/2012,9.2078,0.0178,0.193688792
2/17/2012,9.19,-0.0601,-0.649722706
2/16/2012,9.2501,-0.0423,-0.45521071
2/15/2012,9.2924,-0.0249,-0.267244803
2/14/2012,9.3173,-0.0236,-0.252652314
2/13/2012,9.3409,0.0261,0.280199253
2/10/2012,9.3148,-0.0291,-0.311433127
2/9/2012,9.3439,-0.0716,-0.760448197
2/8/2012,9.4155,-0.0646,-0.681427411
2/7/2012,9.4801,0.0101,0.106652587
2/6/2012,9.47,0.04,0.424178155
2/3/2012,9.43,-0.0401,-0.423437978
2/2/2012,9.4701,-0.0531,-0.557585685
2/1/2012,9.5232,-0.0292,-0.305682342
1/31/2012,9.5524,0.0156,0.163576881
1/30/2012,9.5368,-0.1081,-1.120799594
1/27/2012,9.6449,-0.0532,-0.548561058
1/26/2012,9.6981,-0.1519,-1.54213198
1/25/2012,9.85,-0.0256,-0.259224756
1/24/2012,9.8756,-0.0185,-0.186980119
1/23/2012,9.8941,0.0459,0.466075019
1/20/2012,9.8482,-0.0638,-0.643664245
1/19/2012,9.912,-0.1168,-1.16464582
1/18/2012,10.0288,-0.0276,-0.27445209
1/17/2012,10.0564,0.0184,0.183303447
1/16/2012,10.038,0.0027,0.026905025
1/13/2012,10.0353,-0.0308,-0.305977489
1/12/2012,10.0661,0.0344,0.342912966
1/11/2012,10.0317,0.0152,0.151749613
1/10/2012,10.0165,-0.0337,-0.33531671
1/9/2012,10.0502,-0.0321,-0.318379735
1/6/2012,10.0823,-0.0685,-0.674823659
1/5/2012,10.1508,0.0189,0.186539543
1/4/2012,10.1319,0.0918,0.914333523
1/3/2012,10.0401,0.0201,0.200598802
1/2/2012,10.02,-0.0151,-0.150471844
12/29/2011,10.0351,-0.0205,-0.203866502
12/28/2011,10.0556,-0.0444,-0.43960396
12/27/2011,10.1,0.06,0.597609562
12/26/2011,10.04,-0.0306,-0.303854785
12/23/2011,10.0706,0.0737,0.737228541
12/22/2011,9.9969,0.1643,1.670972072
12/21/2011,9.8326,-0.0455,-0.460614896
12/20/2011,9.8781,-0.0379,-0.382210569
12/19/2011,9.916,-0.044,-0.441767068
12/16/2011,9.96,0.0594,0.599963639
12/15/2011,9.9006,0.0013,0.013132242
12/14/2011,9.8993,0.0171,0.173038392
12/13/2011,9.8822,,
12/12/2011,9.8402,,
12/9/2011,9.8665,,
12/8/2011,9.8298,,
12/7/2011,9.7568,,
12/6/2011,9.82,,
12/5/2011,9.86,,
12/2/2011,9.8201,,
12/1/2011,9.6801,,
11/30/2011,9.6569,,
11/29/2011,9.7099,,
11/28/2011,9.6988,,
11/25/2011,9.793,,
11/24/2011,9.7789,,
11/23/2011,9.9216,,
11/22/2011,10.0297,,
11/21/2011,9.9956,,
11/18/2011,9.9526,,
11/17/2011,9.9554,,
11/16/2011,9.9673,,
11/14/2011,9.9855,,
11/11/2011,9.9994,,
11/10/2011,10.0202,,
11/9/2011,9.9752,,
11/8/2011,10.1351,,
11/7/2011,10.1758,,
11/4/2011,10.2001,,
11/3/2011,10.2686,,
11/1/2011,10.2668,,
10/31/2011,10.4101,,
10/28/2011,10.39,,
10/27/2011,10.4101,,
10/26/2011,10.37,,
10/25/2011,10.42,,
10/24/2011,10.4801,,
10/21/2011,10.49,,
10/20/2011,10.5096,,
10/19/2011,10.458,,
10/18/2011,10.4819,,
10/17/2011,10.5607,,
10/14/2011,10.5732,,
10/13/2011,10.4821,,
10/12/2011,10.4853,,
10/11/2011,10.4987,,
10/10/2011,10.5282,,
10/7/2011,10.35,,
10/6/2011,10.4005,,
10/5/2011,10.2852,,
10/4/2011,10.348,,
10/3/2011,10.1974,,
9/30/2011,10.3838,,
9/29/2011,10.53,,
9/28/2011,10.4537,,
9/27/2011,10.493,,
9/26/2011,10.316,,
9/23/2011,10.5198,,
9/22/2011,10.7239,,
9/21/2011,10.8127,,
9/20/2011,10.7664,,
9/19/2011,10.6917,,
9/16/2011,10.7227,,
9/15/2011,10.7617,,
9/14/2011,10.8049,,
9/13/2011,10.7686,,
9/12/2011,10.7077,,
9/9/2011,10.8184,,
9/8/2011,10.8474,,
9/7/2011,10.7369,,
9/6/2011,10.7373,,
9/5/2011,10.661,,
9/2/2011,10.7732,,
9/1/2011,10.6095,,
8/31/2011,11.2237,,
8/30/2011,11.2187,,
8/29/2011,11.2773,,
8/26/2011,11.3436,,
8/25/2011,11.4994,,
8/24/2011,11.5033,,
8/23/2011,11.6018,,
8/22/2011,11.6059,,
8/19/2011,11.6344,,
8/18/2011,11.7019,,
8/17/2011,11.8939,,
8/16/2011,12.0026,,
8/15/2011,12.0008,,
8/12/2011,12.0065,,
8/11/2011,12.0665,,
8/10/2011,12.0425,,
8/9/2011,12.0075,,
8/8/2011,12.1184,,
8/5/2011,12.306,,
8/4/2011,12.3755,,
8/3/2011,12.5032,,
8/2/2011,12.4954,,
8/1/2011,12.537,,
7/29/2011,12.5961,,
7/28/2011,12.6088,,
7/27/2011,12.5883,,
7/26/2011,12.5966,,
7/25/2011,12.6052,,
7/22/2011,12.6218,,
7/21/2011,12.5982,,
7/20/2011,12.6084,,
7/19/2011,12.586,,
7/18/2011,12.6031,,
7/15/2011,12.6101,,
7/14/2011,12.6231,,
7/13/2011,12.6001,,
7/12/2011,12.6601,,
7/11/2011,12.6901,,
7/8/2011,12.6896,,
7/7/2011,12.6901,,
7/6/2011,12.62,,
7/5/2011,12.6201,,
7/4/2011,12.63,,
7/1/2011,12.6258,,
6/30/2011,12.645,,
6/29/2011,12.589,,
6/28/2011,12.5431,,
6/27/2011,12.5333,,
6/24/2011,12.543,,
6/22/2011,12.5695,,
6/21/2011,12.571,,
6/20/2011,12.522,,
6/17/2011,12.5198,,
6/16/2011,12.5012,,
6/15/2011,12.4807,,
6/14/2011,12.5003,,
6/13/2011,12.4899,,
6/10/2011,12.5086,,
6/9/2011,12.5181,,
6/8/2011,12.4882,,
6/7/2011,12.506,,
6/6/2011,12.503,,
6/3/2011,12.4948,,
6/2/2011,12.4591,,
6/1/2011,12.458,,
5/31/2011,12.4694,,
5/30/2011,12.4878,,
5/27/2011,12.4922,,
5/26/2011,12.5087,,
5/25/2011,12.494,,
5/24/2011,12.4974,,
5/23/2011,12.4531,,
5/20/2011,12.4618,,
5/19/2011,12.4484,,
5/18/2011,12.4116,,
5/17/2011,12.4043,,
5/16/2011,12.4145,,
5/13/2011,12.432,,
5/12/2011,12.4383,,
5/11/2011,12.4359,,
5/10/2011,12.4555,,
5/9/2011,12.4308,,
5/6/2011,12.4401,,
5/5/2011,12.5099,,
5/4/2011,12.5562,,
5/3/2011,12.5392,,
5/2/2011,12.5254,,
4/29/2011,12.5316,,
4/28/2011,12.546,,
4/27/2011,12.5202,,
4/26/2011,12.5034,,
4/25/2011,12.5187,,
