,Date,USDBRLV1W,USDBRLV1M,Spread,USDBRLV3M,USDBRLV6M,Spread
T,04/21/2016,21.46,19.86,1.6,19.827,19.632,0.195
W,04/20/2016,17.975,19.682,-1.707,19.755,19.54,0.215
T,04/19/2016,20.2075,21.435,-1.2275,20.225,19.75,0.475
M,04/18/2016,22.6425,22.645,-0.0025,20.88,20.283,0.597
F,04/15/2016,32.66,25.465,7.195,22.188,20.765,1.423
T,04/14/2016,34.0975,25.64,8.4575,22.17,20.88,1.29
W,04/13/2016,34.715,26.545,8.17,22.34,20.7,1.64
T,04/12/2016,32.705,27.065,5.64,22.705,20.955,1.75
M,04/11/2016,33.9625,27.83,6.1325,23.16,21.217,1.943
F,04/08/2016,24.94,26.77,-1.83,23.135,20.94,2.195
T,04/07/2016,22.8075,25.86,-3.0525,22.645,20.737,1.908
W,04/06/2016,22.09,25.875,-3.785,22.575,21.362,1.213
T,04/05/2016,24.42,26.955,-2.535,23.663,21.89,1.773
M,04/04/2016,23.75,25.122,-1.372,23.035,21.325,1.71
F,04/01/2016,23.545,23.295,0.25,22.298,20.91,1.388
T,03/31/2016,22.96,22.695,0.265,21.83,20.7,1.13
W,03/30/2016,21.105,21.862,-0.757,20.993,20.2,0.793
T,03/29/2016,21.57,21.787,-0.217,21.228,20.445,0.783
M,03/28/2016,22.59,22.263,0.327,21.55,20.752,0.798
F,03/25/2016,22.24,21.915,0.325,21.32,20.56,0.76
T,03/24/2016,20.3425,21.76,-1.4175,21.327,20.493,0.834
W,03/23/2016,21.5575,22.362,-0.8045,21.795,20.827,0.968
T,03/22/2016,20.2,21.565,-1.365,20.775,20.21,0.565
M,03/21/2016,21.085,22.313,-1.228,21.245,20.493,0.752
F,03/18/2016,24.92,23.443,1.477,21.763,20.803,0.96
T,03/17/2016,27.445,24.34,3.105,22.8,21.635,1.165
W,03/16/2016,24.78,23.798,0.982,22.182,21.315,0.867
T,03/15/2016,26.725,24.248,2.477,22.353,21.25,1.103
M,03/14/2016,25.29,23.188,2.102,21.46,20.568,0.892
F,03/11/2016,25.135,22.38,2.755,20.938,20.252,0.686
T,03/10/2016,26.125,22.525,3.6,21.545,20.61,0.935
W,03/09/2016,21.135,21.25,-0.115,20.29,19.87,0.42
T,03/08/2016,20.425,20.7,-0.275,19.735,19.507,0.228
M,03/07/2016,22.095,21.205,0.89,19.82,19.52,0.3
F,03/04/2016,23.595,21.052,2.543,19.78,19.45,0.33
T,03/03/2016,20.465,19.075,1.39,18.783,18.79,-0.007
W,03/02/2016,17.98,18.095,-0.115,18.245,18.675,-0.43
T,03/01/2016,19.045,18.93,0.115,18.967,19.23,-0.263
M,02/29/2016,19.6325,19.475,0.1575,19.335,19.43,-0.095
F,02/26/2016,20.01,19.135,0.875,19.283,19.455,-0.172
T,02/25/2016,18.5725,18.845,-0.2725,19.24,19.393,-0.153
W,02/24/2016,19.0025,19.925,-0.9225,19.69,19.815,-0.125
T,02/23/2016,18.9125,19.84,-0.9275,19.77,19.925,-0.155
M,02/22/2016,19.235,20.007,-0.772,20.005,19.995,0.01
F,02/19/2016,19.1925,19.93,-0.7375,20.127,20.318,-0.191
T,02/18/2016,19.7275,20.7,-0.9725,20.18,20.205,-0.025
W,02/17/2016,18.6925,20.072,-1.3795,19.965,20.085,-0.12
T,02/16/2016,19.385,19.948,-0.563,20.08,20.222,-0.142
M,02/15/2016,18.6675,19.432,-0.7645,19.855,20.01,-0.155
F,02/12/2016,19.115,19.825,-0.71,20.255,20.285,-0.03
T,02/11/2016,20.315,20.743,-0.428,20.95,20.94,0.01
W,02/10/2016,19.27,20.235,-0.965,20.255,20.353,-0.098
T,02/09/2016,19.7325,20.655,-0.9225,20.385,20.445,-0.06
M,02/08/2016,18.235,20.497,-2.262,20.327,20.302,0.025
F,02/05/2016,16.8425,19.085,-2.2425,19.585,19.745,-0.16
T,02/04/2016,17.325,19.28,-1.955,19.685,19.73,-0.045
W,02/03/2016,16.015,18.747,-2.732,19.225,19.53,-0.305
T,02/02/2016,16.94,18.517,-1.577,19.237,19.41,-0.173
M,02/01/2016,17.8475,18.445,-0.5975,19.35,19.38,-0.03
F,01/29/2016,19.57,18.34,1.23,19.495,19.65,-0.155
T,01/28/2016,19.9325,19.08,0.8525,19.45,19.595,-0.145
W,01/27/2016,20.61,19.563,1.047,19.638,19.74,-0.102
T,01/26/2016,18.6625,18.478,0.1845,19.025,19.28,-0.255
M,01/25/2016,18.9475,19.103,-0.1555,19.495,19.775,-0.28
F,01/22/2016,18.98,18.868,0.112,19.5,19.685,-0.185
T,01/21/2016,20.7725,20.313,0.4595,20.605,20.625,-0.02
W,01/20/2016,20.32,20.182,0.138,20.23,20.195,0.035
T,01/19/2016,18.2675,18.815,-0.5475,19.3,19.56,-0.26
M,01/18/2016,18.7075,19.195,-0.4875,19.485,19.618,-0.133
F,01/15/2016,18.16,18.795,-0.635,19.44,19.58,-0.14
T,01/14/2016,17.43,18.397,-0.967,19.388,19.505,-0.117
W,01/13/2016,17.675,19.265,-1.59,19.67,19.7,-0.03
T,01/12/2016,18.35,19.82,-1.47,19.95,19.847,0.103
M,01/11/2016,18.96,20.033,-1.073,20.03,19.908,0.122
F,01/08/2016,19.465,19.65,-0.185,20.02,19.932,0.088
T,01/07/2016,20.095,20.4,-0.305,19.925,19.927,-0.002
W,01/06/2016,19.985,20.255,-0.27,19.995,19.87,0.125
T,01/05/2016,21.645,21.347,0.298,20.763,20.53,0.233
M,01/04/2016,26.19,24.715,1.475,22.998,22.165,0.833
F,01/01/2016,22.045,23.885,-1.84,22.69,21.932,0.758
T,12/31/2015,22.0725,23.608,-1.5355,22.75,21.882,0.868
W,12/30/2015,21.5425,23.478,-1.9355,22.595,21.897,0.698
T,12/29/2015,19.7475,22.705,-2.9575,22.088,21.445,0.643
M,12/28/2015,18.74,22.522,-3.782,22.105,21.533,0.572
F,12/25/2015,19.6925,22.01,-2.3175,22.035,21.415,0.62
T,12/24/2015,18.925,21.413,-2.488,21.868,21.397,0.471
W,12/23/2015,17.895,21.455,-3.56,21.778,21.358,0.42
T,12/22/2015,19.845,22.26,-2.415,22.24,21.608,0.632
M,12/21/2015,20.8425,23.257,-2.4145,22.903,22.208,0.695
F,12/18/2015,21.2175,22.125,-0.9075,22.618,21.923,0.695
T,12/17/2015,22.6525,21.395,1.2575,21.603,21.077,0.526
W,12/16/2015,23.8625,22.272,1.5905,21.775,21.22,0.555
T,12/15/2015,28.015,22.75,5.265,21.748,21.005,0.743
M,12/14/2015,28.145,23.063,5.082,21.917,21.2,0.717
F,12/11/2015,28.525,22.595,5.93,22.007,21.135,0.872
T,12/10/2015,25.235,21.265,3.97,21.33,20.935,0.395
W,12/09/2015,20.355,20.073,0.282,20.19,19.948,0.242
T,12/08/2015,20.08,20.235,-0.155,20.217,19.998,0.219
M,12/07/2015,19.495,20,-0.505,19.783,19.61,0.173
F,12/04/2015,19.4375,19.475,-0.0375,19.7,19.38,0.32
T,12/03/2015,22.405,20.435,1.97,20.013,19.735,0.278
W,12/02/2015,23.0125,21.35,1.6625,19.855,19.568,0.287
T,12/01/2015,22.58,21.395,1.185,19.875,19.532,0.343
M,11/30/2015,23.3925,22.115,1.2775,20.265,19.815,0.45
F,11/27/2015,20.5475,19.877,0.6705,19.208,19.01,0.198
T,11/26/2015,19.13,19.48,-0.35,18.823,18.728,0.095
W,11/25/2015,17.925,19.175,-1.25,18.765,18.705,0.06
T,11/24/2015,15.45,18.623,-3.173,17.972,18.237,-0.265
M,11/23/2015,15.515,19.042,-3.527,18.44,18.795,-0.355
F,11/20/2015,15.6,18.755,-3.155,18.373,18.737,-0.364
T,11/19/2015,17.64,19.313,-1.673,19.04,19.24,-0.2
W,11/18/2015,18,19.985,-1.985,19.25,19.42,-0.17
T,11/17/2015,18.7525,20.347,-1.5945,19.64,19.743,-0.103
M,11/16/2015,19.15,20.39,-1.24,20.073,20.03,0.043
F,11/13/2015,20.085,20.417,-0.332,20.34,20.335,0.005
T,11/12/2015,19.69,19.93,-0.24,20.055,20.015,0.04
W,11/11/2015,19.295,20.257,-0.962,19.978,19.97,0.008
T,11/10/2015,18.9225,20.15,-1.2275,19.903,19.943,-0.04
M,11/09/2015,19.275,20.595,-1.32,20.085,20.07,0.015
F,11/06/2015,19.5725,19.92,-0.3475,20.022,20.095,-0.073
T,11/05/2015,20.665,20.24,0.425,20.263,20.167,0.096
W,11/04/2015,21.375,20.82,0.555,20.498,20.313,0.185
T,11/03/2015,20.91,20.528,0.382,20.212,20.097,0.115
M,11/02/2015,20.535,20.445,0.09,20.302,20.173,0.129
F,10/30/2015,20.6525,20.335,0.3175,20.397,20.24,0.157
T,10/29/2015,19.94,20.337,-0.397,20.39,20.38,0.01
W,10/28/2015,20.325,20.84,-0.515,20.733,20.69,0.043
T,10/27/2015,20.535,21.405,-0.87,21.307,21.267,0.04
M,10/26/2015,22.06,22.202,-0.142,21.745,21.55,0.195
F,10/23/2015,22.845,21.908,0.937,21.693,21.57,0.123
T,10/22/2015,21.815,21.588,0.227,21.565,21.35,0.215
W,10/21/2015,23.86,24.362,-0.502,23.272,22.722,0.55
T,10/20/2015,24.985,25.597,-0.612,24.147,23.595,0.552
M,10/19/2015,27.865,26.525,1.34,24.673,23.98,0.693
F,10/16/2015,26.49,25.068,1.422,24.065,23.37,0.695
T,10/15/2015,25.22,24.655,0.565,23.795,23.167,0.628
W,10/14/2015,24.43,24.932,-0.502,23.752,23.185,0.567
T,10/13/2015,25.8875,25.765,0.1225,24.195,23.42,0.775
M,10/12/2015,23.5275,24.19,-0.6625,23.23,22.725,0.505
F,10/09/2015,22.935,23.97,-1.035,23.327,22.92,0.407
T,10/08/2015,22.1,23.38,-1.28,22.807,22.382,0.425
W,10/07/2015,22.7,23.88,-1.18,23.087,22.595,0.492
T,10/06/2015,21.07,22.74,-1.67,22.115,21.955,0.16
M,10/05/2015,22.9525,23.56,-0.6075,22.945,22.565,0.38
F,10/02/2015,24.37,23.805,0.565,23.423,23.068,0.355
T,10/01/2015,27.8175,26.03,1.7875,24.877,24.05,0.827
W,09/30/2015,28.7475,27.035,1.7125,25.13,24.25,0.88
T,09/29/2015,31.565,28.075,3.49,25.642,24.665,0.977
M,09/28/2015,32.58,27.642,4.938,25.592,24.6,0.992
F,09/25/2015,32.715,26.853,5.862,25.478,24.337,1.141
T,09/24/2015,30.1125,26.865,3.2475,25.555,24.478,1.077
W,09/23/2015,27.01,25.515,1.495,24.125,23.015,1.11
T,09/22/2015,25.6775,24.333,1.3445,23.44,22.5,0.94
M,09/21/2015,23.9675,23.193,0.7745,22.555,21.715,0.84
F,09/18/2015,23.18,22.333,0.847,22.4,21.575,0.825
T,09/17/2015,20.5625,20.212,0.3505,20.685,20.475,0.21
W,09/16/2015,22.515,21.12,1.395,21,20.365,0.635
T,09/15/2015,24.295,22.81,1.485,22.165,21.32,0.845
M,09/14/2015,26.1,23.075,3.025,22.472,21.6,0.872
F,09/11/2015,26.44,23.04,3.4,22.525,21.52,1.005
T,09/10/2015,23.46,23.783,-0.323,22.263,21.36,0.903
W,09/09/2015,21.7025,22.645,-0.9425,21.568,20.785,0.783
T,09/08/2015,21.735,22.345,-0.61,21.225,20.448,0.777
M,09/07/2015,22.655,22.948,-0.293,21.66,20.677,0.983
F,09/04/2015,22.125,22.365,-0.24,21.475,20.445,1.03
T,09/03/2015,22.37,21.65,0.72,20.855,20.21,0.645
W,09/02/2015,23.515,22.245,1.27,20.972,20.205,0.767
T,09/01/2015,22.0325,21.25,0.7825,20,19.537,0.463
M,08/31/2015,21.9475,20.895,1.0525,19.653,19.245,0.408
F,08/28/2015,21.44,19.688,1.752,19.077,18.677,0.4
T,08/27/2015,19.985,19.665,0.32,18.905,18.632,0.273
W,08/26/2015,21.62,20.975,0.645,19.44,18.997,0.443
T,08/25/2015,19.44,19.8,-0.36,18.807,18.537,0.27
M,08/24/2015,20.7025,19.467,1.2355,18.445,18.33,0.115
F,08/21/2015,18.4975,18.665,-0.1675,18.163,18.097,0.066
T,08/20/2015,18.195,18.47,-0.275,18.038,17.75,0.288
W,08/19/2015,17.245,17.545,-0.3,17.763,17.722,0.041
T,08/18/2015,16.805,17.365,-0.56,17.757,17.725,0.032
M,08/17/2015,17.4125,17.465,-0.0525,17.835,17.82,0.015
F,08/14/2015,17.73,17.445,0.285,17.74,17.715,0.025
T,08/13/2015,18.49,17.955,0.535,18.07,17.938,0.132
W,08/12/2015,18.6025,18.265,0.3375,18.142,17.945,0.197
T,08/11/2015,19.31,18.85,0.46,18.693,18.228,0.465
M,08/10/2015,18.635,18.298,0.337,18.287,17.985,0.302
F,08/07/2015,19.88,18.845,1.035,18.655,18.185,0.47
T,08/06/2015,20.355,18.975,1.38,18.673,18.035,0.638
W,08/05/2015,19.865,18.528,1.337,18.25,17.663,0.587
T,08/04/2015,19.8975,18.682,1.2155,17.955,17.43,0.525
M,08/03/2015,20.105,18.563,1.542,17.708,17.202,0.506
F,07/31/2015,20.1325,17.702,2.4305,17.625,17.04,0.585
T,07/30/2015,18.17,17.23,0.94,17.343,16.942,0.401
W,07/29/2015,18.9475,18.557,0.3905,17.733,17.287,0.446
T,07/28/2015,21.0825,18.635,2.4475,17.757,17.22,0.537
M,07/27/2015,20.38,18.79,1.59,17.752,17.115,0.637
F,07/24/2015,22.545,19.095,3.45,17.767,17.095,0.672
T,07/23/2015,22.32,18.17,4.15,17.507,16.908,0.599
W,07/22/2015,16.8875,16.525,0.3625,16.2,16.24,-0.04
T,07/21/2015,15.29,15.795,-0.505,15.847,16.115,-0.268
M,07/20/2015,15.61,15.885,-0.275,16.07,16.153,-0.083
F,07/17/2015,15.0825,14.782,0.3005,15.273,15.61,-0.337
T,07/16/2015,14.04,14.56,-0.52,15.16,15.568,-0.408
W,07/15/2015,15.405,15.41,-0.005,15.542,15.813,-0.271
T,07/14/2015,15.2575,15.608,-0.3505,15.542,15.755,-0.213
M,07/13/2015,15.845,14.915,0.93,15.977,16.002,-0.025
F,07/10/2015,14.29,15.64,-1.35,15.942,16.007,-0.065
T,07/09/2015,17.0575,15.93,1.1275,15.92,16.038,-0.118
W,07/08/2015,16.58,15.923,0.657,15.997,16.087,-0.09
T,07/07/2015,14.97,15.35,-0.38,15.743,15.93,-0.187
M,07/06/2015,14.73,14.202,0.528,15.392,15.597,-0.205
F,07/03/2015,15.295,15.01,0.285,15.417,15.685,-0.268
T,07/02/2015,16.7175,15.243,1.4745,15.38,15.645,-0.265
W,07/01/2015,16.8375,16.195,0.6425,15.823,15.888,-0.065
T,06/30/2015,17.57,16.112,1.458,15.825,15.89,-0.065
M,06/29/2015,18.1575,16.228,1.9295,15.817,15.898,-0.081
F,06/26/2015,17.3125,15.18,2.1325,15.487,15.63,-0.143
T,06/25/2015,18.3875,15.36,3.0275,15.442,15.6,-0.158
W,06/24/2015,16.0575,15.432,0.6255,15.425,15.573,-0.148
T,06/23/2015,14.2,15.472,-1.272,15.672,15.802,-0.13
M,06/22/2015,15.08,15.467,-0.387,15.737,15.792,-0.055
F,06/19/2015,16.0875,15.945,0.1425,16.095,15.977,0.118
T,06/18/2015,18.7275,15.793,2.9345,16.025,15.96,0.065
W,06/17/2015,18.2475,16.858,1.3895,16.503,16.45,0.053
T,06/16/2015,17.93,17.118,0.812,16.568,16.478,0.09
M,06/15/2015,18.155,17.055,1.1,16.597,16.56,0.037
F,06/12/2015,17.9475,16.728,1.2195,16.555,16.56,-0.005
T,06/11/2015,17.62,17.517,0.103,17.165,17.077,0.088
W,06/10/2015,16.5575,17.055,-0.4975,16.868,16.813,0.055
T,06/09/2015,17.065,17.292,-0.227,16.91,16.81,0.1
M,06/08/2015,17.53,17.525,0.005,17.37,17.257,0.113
F,06/05/2015,19.0925,18.053,1.0395,17.507,17.118,0.389
T,06/04/2015,21.6325,18.667,2.9655,17.72,17.173,0.547
W,06/03/2015,20.59,18.49,2.1,17.685,17.11,0.575
T,06/02/2015,20.8775,18.97,1.9075,17.74,17.343,0.397
M,06/01/2015,21.145,19.108,2.037,17.85,17.462,0.388
F,05/29/2015,19.1025,18.61,0.4925,17.713,17.31,0.403
T,05/28/2015,20.795,18.86,1.935,17.827,17.337,0.49
W,05/27/2015,20.835,19.702,1.133,18.017,17.532,0.485
T,05/26/2015,20.38,19.673,0.707,18.108,17.57,0.538
M,05/25/2015,19.8275,19.375,0.4525,18.015,17.665,0.35
F,05/22/2015,17.8925,19.04,-1.1475,17.932,17.54,0.392
T,05/21/2015,18.5925,18.3,0.2925,17.362,17.125,0.237
W,05/20/2015,17.8125,18.745,-0.9325,17.68,17.365,0.315
T,05/19/2015,17.65,18.865,-1.215,17.89,17.507,0.383
M,05/18/2015,18.395,19.112,-0.717,17.925,17.513,0.412
F,05/15/2015,19.685,19.212,0.473,18.403,17.9,0.503
T,05/14/2015,20.125,19.302,0.823,18.515,17.963,0.552
W,05/13/2015,20.1525,19.693,0.4595,18.59,18.007,0.583
T,05/12/2015,20.195,19.897,0.298,18.71,18.167,0.543
M,05/11/2015,20.695,20.017,0.678,18.713,18.095,0.618
F,05/08/2015,20.0525,19.22,0.8325,18.307,17.51,0.797
T,05/07/2015,25.385,20.7,4.685,18.968,17.955,1.013
W,05/06/2015,24.8175,20.858,3.9595,19.04,18.138,0.902
T,05/05/2015,25.6225,21.028,4.5945,19.08,18.165,0.915
M,05/04/2015,22.5275,20.865,1.6625,19.065,18.03,1.035
F,05/01/2015,22.215,19.563,2.652,18.497,17.69,0.807
T,04/30/2015,20.93,19.27,1.66,18.215,17.42,0.795
W,04/29/2015,20.1675,18.498,1.6695,17.52,17.085,0.435
T,04/28/2015,20.64,18.767,1.873,17.52,17.15,0.37
M,04/27/2015,18.725,17.522,1.203,17.03,16.927,0.103
F,04/24/2015,18.1675,17.397,0.7705,17.263,17.068,0.195
T,04/23/2015,19.9625,17.755,2.2075,17.42,17.2,0.22
W,04/22/2015,18.2775,18.083,0.1945,17.49,17.13,0.36
T,04/21/2015,18.61,18.26,0.35,17.743,17.41,0.333
M,04/20/2015,18.32,18.25,0.07,17.74,17.403,0.337
F,04/17/2015,18.495,18.035,0.46,17.712,17.42,0.292
T,04/16/2015,20.09,17.653,2.437,17.495,17.23,0.265
W,04/15/2015,17.5575,17.737,-0.1795,17.315,17.14,0.175
T,04/14/2015,17.6775,18.118,-0.4405,17.607,17.415,0.192
M,04/13/2015,20.1225,19.162,0.9605,18.43,17.855,0.575
F,04/10/2015,19.505,19.447,0.058,18.375,17.94,0.435
T,04/09/2015,20.5375,19.6,0.9375,18.628,18.015,0.613
W,04/08/2015,19.6975,19.048,0.6495,18.25,17.685,0.565
T,04/07/2015,21.085,19.603,1.482,18.65,18.048,0.602
M,04/06/2015,22.12,19.825,2.295,19.23,18.118,1.112
F,04/03/2015,21.7775,20.032,1.7455,19.318,18.228,1.09
T,04/02/2015,22.7975,20.395,2.4025,19.623,18.4,1.223
W,04/01/2015,24.7875,21.717,3.0705,20.313,19.007,1.306
T,03/31/2015,24.99,22.638,2.352,21.063,19.315,1.748
M,03/30/2015,25.505,22.66,2.845,21.333,19.65,1.683
F,03/27/2015,25.0075,22.522,2.4855,21.403,19.493,1.91
T,03/26/2015,26.5775,22.493,4.0845,20.943,19.107,1.836
W,03/25/2015,25.3925,22.132,3.2605,20.005,18.4,1.605
T,03/24/2015,26.9825,22.75,4.2325,19.995,18.243,1.752
M,03/23/2015,26.2925,22.233,4.0595,19.193,17.952,1.241
F,03/20/2015,25.8325,21.838,3.9945,19.323,18.158,1.165
T,03/19/2015,25.9875,21.695,4.2925,19.493,18.248,1.245
W,03/18/2015,24.7025,20.815,3.8875,18.923,17.88,1.043
T,03/17/2015,26.6475,21.998,4.6495,19.487,18.563,0.924
M,03/16/2015,25.435,21.78,3.655,19.522,18.522,1
F,03/13/2015,26.255,21.87,4.385,19.685,18.713,0.972
T,03/12/2015,24.315,20.11,4.205,18.79,18.015,0.775
W,03/11/2015,23.555,20.397,3.158,18.385,17.893,0.492
T,03/10/2015,24.165,20.69,3.475,18.55,18.16,0.39
M,03/09/2015,23.5225,20.235,3.2875,18.19,17.772,0.418
F,03/06/2015,19.095,18.295,0.8,17.458,17.175,0.283
T,03/05/2015,21.62,18.47,3.15,17.2,16.94,0.26
W,03/04/2015,21.8775,18.64,3.2375,17.158,16.877,0.281
T,03/03/2015,20.1425,17.795,2.3475,16.695,16.522,0.173
M,03/02/2015,18.9475,17.403,1.5445,16.272,16.165,0.107
F,02/27/2015,18.2425,17.015,1.2275,16.212,16.063,0.149
T,02/26/2015,20.6675,17.212,3.4555,16.147,16.097,0.05
W,02/25/2015,17.405,16.943,0.462,16.108,16.01,0.098
T,02/24/2015,17.39,16.89,0.5,16.142,16.022,0.12
M,02/23/2015,18.655,17.568,1.087,16.175,15.98,0.195
F,02/20/2015,17.71,17.39,0.32,16.49,16.028,0.462
T,02/19/2015,18.3275,17.61,0.7175,16.427,15.958,0.469
W,02/18/2015,17.68,17.385,0.295,16.31,15.875,0.435
T,02/17/2015,15.9625,16.995,-1.0325,16.315,15.837,0.478
M,02/16/2015,16.525,16.92,-0.395,16.138,15.833,0.305
F,02/13/2015,16.3125,17.147,-0.8345,16.205,15.783,0.422
T,02/12/2015,17.2175,17.452,-0.2345,16.568,16.02,0.548
W,02/11/2015,18.79,18.23,0.56,16.85,16.32,0.53
T,02/10/2015,17.0925,17.48,-0.3875,15.96,15.54,0.42
M,02/09/2015,16.935,16.938,-0.003,15.43,15.173,0.257
F,02/06/2015,16.4225,16.865,-0.4425,15.672,15.28,0.392
T,02/05/2015,18.58,15.73,2.85,15.05,14.863,0.187
W,02/04/2015,18.665,16.19,2.475,15.102,15.003,0.099
T,02/03/2015,17.82,15.745,2.075,15.083,14.823,0.26
M,02/02/2015,18.795,15.57,3.225,14.77,14.557,0.213
F,01/30/2015,18.73,15.09,3.64,14.313,14.313,0
T,01/29/2015,14.46,13.2,1.26,13.265,13.455,-0.19
W,01/28/2015,13.42,12.675,0.745,12.807,13.092,-0.285
T,01/27/2015,13.65,12.762,0.888,12.8,13.073,-0.273
M,01/26/2015,14.4775,13.515,0.9625,13.43,13.545,-0.115
F,01/23/2015,14,13.577,0.423,13.635,13.722,-0.087
T,01/22/2015,14.93,13.868,1.062,13.852,13.993,-0.141
W,01/21/2015,16.56,14.743,1.817,14.423,14.31,0.113
T,01/20/2015,16.355,14.88,1.475,14.613,14.398,0.215
M,01/19/2015,16.4,14.733,1.667,14.635,14.41,0.225
F,01/16/2015,15.91,14.583,1.327,14.493,14.36,0.133
T,01/15/2015,16.3325,14.425,1.9075,14.445,14.42,0.025
W,01/14/2015,14.955,14.577,0.378,13.917,13.85,0.067
T,01/13/2015,14.895,14.493,0.402,14.032,14.09,-0.058
M,01/12/2015,14.27,14.525,-0.255,14.323,14.435,-0.112
F,01/09/2015,13.395,14.038,-0.643,14.063,14.215,-0.152
T,01/08/2015,14.525,14.673,-0.148,14.542,14.57,-0.028
W,01/07/2015,15.2325,15.153,0.0795,14.705,14.59,0.115
T,01/06/2015,15.955,15.405,0.55,14.778,14.78,-0.002
M,01/05/2015,16.92,15.82,1.1,15.02,14.79,0.23
F,01/02/2015,12.39,15.038,-2.648,14.73,14.632,0.098
T,01/01/2015,14.625,14.905,-0.28,14.755,14.507,0.248
W,12/31/2014,13.355,14.865,-1.51,14.733,14.507,0.226
T,12/30/2014,13.3,14.855,-1.555,14.632,14.54,0.092
M,12/29/2014,12.445,14.445,-2,14.523,14.5,0.023
F,12/26/2014,12.925,14.35,-1.425,14.51,14.512,-0.002
T,12/25/2014,14.475,14.903,-0.428,14.91,14.788,0.122
W,12/24/2014,14.525,14.84,-0.315,14.882,14.778,0.104
T,12/23/2014,14.495,14.905,-0.41,14.802,14.735,0.067
M,12/22/2014,14.54,14.905,-0.365,14.788,14.685,0.103
F,12/19/2014,14.975,14.747,0.228,14.74,14.682,0.058
T,12/18/2014,16.03,15.59,0.44,15.422,15.188,0.234
W,12/17/2014,17.915,16.783,1.132,15.78,15.477,0.303
T,12/16/2014,21.0975,17.705,3.3925,16.46,16.075,0.385
M,12/15/2014,20.555,16.425,4.13,15.725,15.298,0.427
F,12/12/2014,19.195,14.945,4.25,14.497,14.255,0.242
T,12/11/2014,18.4375,14.3,4.1375,13.977,13.865,0.112
W,12/10/2014,15.11,13.575,1.535,13.347,13.25,0.097
T,12/09/2014,15.105,13.46,1.645,13.128,13.15,-0.022
M,12/08/2014,15.66,13.802,1.858,13.215,13.145,0.07
F,12/05/2014,15.855,13.448,2.407,13.132,13.115,0.017
T,12/04/2014,16.46,13.192,3.268,12.93,12.93,0
W,12/03/2014,17.21,13.93,3.28,12.903,12.835,0.068
T,12/02/2014,16.35,14.212,2.138,13.138,13.035,0.103
M,12/01/2014,17.3625,14.342,3.0205,13.458,13.27,0.188
F,11/28/2014,16.32,14.035,2.285,13.355,13.34,0.015
T,11/27/2014,16.325,13.99,2.335,13.292,13.21,0.082
W,11/26/2014,16.34,14.335,2.005,13.565,13.47,0.095
T,11/25/2014,16.105,14.655,1.45,13.938,13.808,0.13
M,11/24/2014,17.355,16.533,0.822,14.815,14.68,0.135
F,11/21/2014,18.145,17.105,1.04,15.118,14.817,0.301
T,11/20/2014,20.1525,17.455,2.6975,15.433,15.205,0.228
W,11/19/2014,17.445,17.173,0.272,15.192,14.958,0.234
T,11/18/2014,17.72,17.22,0.5,15.22,15.005,0.215
M,11/17/2014,15.6725,15.965,-0.2925,15.175,14.998,0.177
F,11/14/2014,18.6625,16.465,2.1975,15.253,14.975,0.278
T,11/13/2014,17.15,16.15,1,15.058,14.84,0.218
W,11/12/2014,16.515,16.25,0.265,14.962,14.747,0.215
T,11/11/2014,17.475,16.95,0.525,15.343,14.945,0.398
M,11/10/2014,18.525,17.95,0.575,15.712,15.278,0.434
F,11/07/2014,19.9375,18.41,1.5275,16.14,15.462,0.678
T,11/06/2014,22.3,17.945,4.355,15.862,15.227,0.635
W,11/05/2014,22,17.62,4.38,15.47,15.058,0.412
T,11/04/2014,21.485,17.392,4.093,15.315,14.983,0.332
M,11/03/2014,22.675,16.98,5.695,15.02,14.57,0.45
F,10/31/2014,21.2825,16.135,5.1475,14.618,14.375,0.243
T,10/30/2014,19.11,15.61,3.5,14.205,14.145,0.06
W,10/29/2014,19.5,15.505,3.995,14.11,14.077,0.033
T,10/28/2014,17.69,15.183,2.507,14.045,13.95,0.095
M,10/27/2014,24.785,16.47,8.315,14.5,14.15,0.35
F,10/24/2014,37.195,21.55,15.645,17.045,15.285,1.76
T,10/23/2014,37.3175,22.895,14.4225,17.413,15.605,1.808
W,10/22/2014,37.1725,25.673,11.4995,18.442,16.145,2.297
T,10/21/2014,38.405,26.355,12.05,18.767,16.595,2.172
M,10/20/2014,38.5725,23.905,14.6675,18.65,16.545,2.105
F,10/17/2014,22.41,23.87,-1.46,18.588,16.533,2.055
T,10/16/2014,26.7575,25.145,1.6125,19.513,17.37,2.143
W,10/15/2014,27.0525,25.505,1.5475,19.19,17.112,2.078
T,10/14/2014,24.2625,24.642,-0.3795,19.022,16.862,2.16
M,10/13/2014,28.07,23.108,4.962,18.733,16.792,1.941
F,10/10/2014,20.4125,23.897,-3.4845,18.427,16.627,1.8
T,10/09/2014,22.8625,23.135,-0.2725,18.068,16.375,1.693
W,10/08/2014,22.4825,22.56,-0.0775,17.667,16.182,1.485
T,10/07/2014,18.67,20.427,-1.757,16.487,15.392,1.095
M,10/06/2014,19.0075,17.932,1.0755,15.692,15.052,0.64
F,10/03/2014,16.1075,17.91,-1.8025,15.495,14.81,0.685
T,10/02/2014,18.27,18.74,-0.47,16.112,15.292,0.82
W,10/01/2014,19.8025,19.93,-0.1275,16.765,15.648,1.117
T,09/30/2014,19.785,19.845,-0.06,16.72,15.477,1.243
M,09/29/2014,20.605,18.037,2.568,16.325,15.247,1.078
F,09/26/2014,15.67,17.565,-1.895,15.46,14.833,0.627
T,09/25/2014,18.41,15.06,3.35,14.568,14.148,0.42
W,09/24/2014,15.08,14.773,0.307,14.688,14.245,0.443
T,09/23/2014,14.8975,14.632,0.2655,14.538,14.125,0.413
M,09/22/2014,14.5475,13.895,0.6525,14.233,13.865,0.368
F,09/19/2014,12.275,13.485,-1.21,13.813,13.705,0.108
T,09/18/2014,14.5475,13.145,1.4025,13.542,13.475,0.067
W,09/17/2014,13.885,13.188,0.697,13.532,13.548,-0.016
T,09/16/2014,14.2725,13.292,0.9805,13.538,13.57,-0.032
M,09/15/2014,13.9775,13.075,0.9025,13.43,13.345,0.085
F,09/12/2014,12.455,12.532,-0.077,12.813,12.935,-0.122
T,09/11/2014,12.145,11.948,0.197,12.417,12.517,-0.1
W,09/10/2014,11.5825,12.23,-0.6475,12.56,12.58,-0.02
T,09/09/2014,11.8025,12.013,-0.2105,12.285,12.39,-0.105
M,09/08/2014,11.33,11.157,0.173,11.847,11.905,-0.058
F,09/05/2014,8.5775,10.708,-2.1305,11.56,11.84,-0.28
T,09/04/2014,10.805,10.815,-0.01,11.55,11.767,-0.217
W,09/03/2014,10.0975,10.33,-0.2325,11.46,11.655,-0.195
T,09/02/2014,10.3875,9.985,0.4025,11.255,11.503,-0.248
M,09/01/2014,9.7125,10.003,-0.2905,11.18,11.325,-0.145
F,08/29/2014,8.535,9.6,-1.065,11.148,11.41,-0.262
T,08/28/2014,8.93,9.61,-0.68,11.27,11.6,-0.33
W,08/27/2014,9.435,9.525,-0.09,11.655,11.89,-0.235
T,08/26/2014,10.0225,10.195,-0.1725,12.065,12.097,-0.032
M,08/25/2014,10.5875,10.015,0.5725,12.065,12.16,-0.095
F,08/22/2014,9.1825,10.02,-0.8375,11.995,12.057,-0.062
T,08/21/2014,11.0825,10.433,0.6495,12.465,12.49,-0.025
W,08/20/2014,10.2025,10.702,-0.4995,12.705,12.715,-0.01
T,08/19/2014,10.895,11.235,-0.34,13.153,13.102,0.051
M,08/18/2014,11.2225,10.618,0.6045,13.415,13.417,-0.002
F,08/15/2014,12.055,11.352,0.703,13.358,13.313,0.045
T,08/14/2014,10.4125,11.132,-0.7195,13.125,13.163,-0.038
W,08/13/2014,11.0125,11.38,-0.3675,13.233,13.157,0.076
T,08/12/2014,10.6875,11.413,-0.7255,13.075,13.017,0.058
M,08/11/2014,11.52,11.02,0.5,13.218,13.052,0.166
F,08/08/2014,10.6675,12.045,-1.3775,13.477,13.382,0.095
T,08/07/2014,13.065,11.972,1.093,13.615,13.465,0.15
W,08/06/2014,11.67,11.485,0.185,13.37,13.307,0.063
T,08/05/2014,11.6375,11.23,0.4075,13.392,13.407,-0.015
M,08/04/2014,10.14,9.972,0.168,12.958,12.995,-0.037
F,08/01/2014,9.4775,10.765,-1.2875,13.073,13.188,-0.115
T,07/31/2014,11.7225,10.443,1.2795,12.805,13.075,-0.27
W,07/30/2014,9.665,9.315,0.35,12.225,12.55,-0.325
T,07/29/2014,8.7475,8.74,0.0075,11.92,12.407,-0.487
M,07/28/2014,8.56,8.698,-0.138,11.865,12.35,-0.485
F,07/25/2014,7.7075,8.66,-0.9525,11.517,12.155,-0.638
T,07/24/2014,8.14,8.54,-0.4,10.895,11.995,-1.1
W,07/23/2014,7.7575,8.667,-0.9095,10.933,11.997,-1.064
T,07/22/2014,7.97,8.903,-0.933,10.945,11.962,-1.017
M,07/21/2014,8.45,9.11,-0.66,10.868,11.88,-1.012
F,07/18/2014,8.55,9.468,-0.918,11.035,11.925,-0.89
T,07/17/2014,9.82,9.225,0.595,10.905,11.86,-0.955
W,07/16/2014,7.6325,8.58,-0.9475,10.525,11.558,-1.033
T,07/15/2014,7.8825,8.465,-0.5825,10.243,11.365,-1.122
M,07/14/2014,8.4025,8.39,0.0125,10.378,11.315,-0.937
F,07/11/2014,8.94,9.185,-0.245,10.645,11.4,-0.755
T,07/10/2014,8.8225,9.095,-0.2725,10.557,11.427,-0.87
W,07/09/2014,7.9425,9.025,-1.0825,10.448,11.427,-0.979
T,07/08/2014,8.03,8.98,-0.95,10.378,11.382,-1.004
M,07/07/2014,8.805,8.507,0.298,10.385,11.247,-0.862
F,07/04/2014,8.605,8.87,-0.265,10.173,11.138,-0.965
T,07/03/2014,8.595,8.885,-0.29,10.265,11.255,-0.99
W,07/02/2014,8.9225,9.07,-0.1475,10.108,11.4,-1.292
T,07/01/2014,8.81,9.025,-0.215,10.158,11.36,-1.202
M,06/30/2014,9.535,9.115,0.42,10.395,11.465,-1.07
F,06/27/2014,8.68,9.052,-0.372,10.238,11.323,-1.085
T,06/26/2014,9.08,8.948,0.132,10.015,11.177,-1.162
W,06/25/2014,7.8125,8.575,-0.7625,9.895,11.073,-1.178
T,06/24/2014,8.0525,8.722,-0.6695,9.91,10.975,-1.065
M,06/23/2014,7.8625,8.535,-0.6725,9.725,10.798,-1.073
F,06/20/2014,6.8725,8.378,-1.5055,9.64,10.78,-1.14
T,06/19/2014,7.2875,8.25,-0.9625,9.532,10.718,-1.186
W,06/18/2014,10.0675,9.8,0.2675,10.478,11.458,-0.98
T,06/17/2014,10.1525,9.63,0.5225,10.395,11.34,-0.945
M,06/16/2014,7.84,8.425,-0.585,9.62,10.887,-1.267
F,06/13/2014,6.57,8.075,-1.505,9.465,10.8,-1.335
T,06/12/2014,7.695,8.198,-0.503,9.403,10.757,-1.354
W,06/11/2014,7.84,8.222,-0.382,9.458,10.785,-1.327
T,06/10/2014,8.1125,8.295,-0.1825,9.462,10.833,-1.371
M,06/09/2014,8.89,8.62,0.27,9.75,11.025,-1.275
F,06/06/2014,7.3025,8.483,-1.1805,9.875,11.21,-1.335
T,06/05/2014,10.6075,9.665,0.9425,10.628,11.945,-1.317
W,06/04/2014,12.1425,10.333,1.8095,11.077,12.325,-1.248
T,06/03/2014,11.7475,10.307,1.4405,11.083,12.252,-1.169
M,06/02/2014,11.565,10.41,1.155,11.28,12.355,-1.075
F,05/30/2014,8.365,9.023,-0.658,10.405,11.83,-1.425
T,05/29/2014,9.7075,9.265,0.4425,10.622,11.905,-1.283
W,05/28/2014,9.7425,10.038,-0.2955,11.015,12.245,-1.23
T,05/27/2014,10.4875,10.358,0.1295,11.13,12.29,-1.16
M,05/26/2014,9.675,9.38,0.295,10.63,11.865,-1.235
F,05/23/2014,8.235,9.488,-1.253,10.555,11.83,-1.275
T,05/22/2014,9.49,9.533,-0.043,10.6,11.868,-1.268
W,05/21/2014,9.0975,9.837,-0.7395,10.778,11.993,-1.215
T,05/20/2014,9.7225,9.975,-0.2525,10.865,12.075,-1.21
M,05/19/2014,9.4475,9.273,0.1745,10.763,11.837,-1.074
F,05/16/2014,8.1475,9.71,-1.5625,10.745,11.93,-1.185
T,05/15/2014,10.16,9.795,0.365,10.64,11.95,-1.31
W,05/14/2014,8.8075,9.41,-0.6025,10.46,11.675,-1.215
T,05/13/2014,8.905,9.595,-0.69,10.548,11.715,-1.167
M,05/12/2014,9.54,9.28,0.26,10.74,11.778,-1.038
F,05/09/2014,8.6875,10.15,-1.4625,10.875,11.91,-1.035
T,05/08/2014,10.335,10.38,-0.045,10.967,11.993,-1.026
W,05/07/2014,10.03,10.5,-0.47,11.105,12,-0.895
T,05/06/2014,10.2675,10.7,-0.4325,11.22,12.125,-0.905
M,05/05/2014,10.945,10.612,0.333,11.325,12.15,-0.825
F,05/02/2014,8.6975,10.552,-1.8545,11.19,12.1,-0.91
T,05/01/2014,10.91,10.852,0.058,11.43,12.39,-0.96
W,04/30/2014,10.6475,11.095,-0.4475,11.57,12.547,-0.977
T,04/29/2014,11.5375,11.665,-0.1275,11.995,12.798,-0.803
M,04/28/2014,12.0425,11.852,0.1905,12.167,12.915,-0.748
F,04/25/2014,10.0775,11.605,-1.5275,12.017,12.835,-0.818
T,04/24/2014,10.675,11.747,-1.072,12.155,12.903,-0.748
W,04/23/2014,10.935,11.995,-1.06,12.29,13.028,-0.738
T,04/22/2014,10.8975,12.077,-1.1795,12.37,13.023,-0.653
M,04/21/2014,10.6425,11.858,-1.2155,12.307,12.997,-0.69
F,04/18/2014,9.18,11.908,-2.728,12.355,12.99,-0.635
T,04/17/2014,10.62,11.83,-1.21,12.29,12.978,-0.688
W,04/16/2014,10.0375,11.855,-1.8175,12.212,13.013,-0.801
T,04/15/2014,10.68,12.147,-1.467,12.265,12.975,-0.71
M,04/14/2014,11.295,11.847,-0.552,12.015,12.747,-0.732
F,04/11/2014,13.315,11.958,1.357,12.045,12.673,-0.628
T,04/10/2014,12.9525,11.618,1.3345,11.83,12.602,-0.772
W,04/09/2014,12.985,11.855,1.13,11.95,12.6,-0.65
T,04/08/2014,12.6525,11.73,0.9225,11.898,12.545,-0.647
M,04/07/2014,11.715,11.36,0.355,11.675,12.497,-0.822
F,04/04/2014,10.07,11.007,-0.937,11.403,12.29,-0.887
T,04/03/2014,12.6025,11.422,1.1805,11.882,12.525,-0.643
W,04/02/2014,12.94,11.655,1.285,11.92,12.555,-0.635
T,04/01/2014,12.3175,11.602,0.7155,12.01,12.692,-0.682
M,03/31/2014,12.4425,11.405,1.0375,11.958,12.632,-0.674
F,03/28/2014,11.92,11.118,0.802,11.833,12.512,-0.679
T,03/27/2014,10.3825,10.528,-0.1455,11.427,12.298,-0.871
W,03/26/2014,10.285,10.477,-0.192,11.44,12.41,-0.97
T,03/25/2014,10.6275,10.98,-0.3525,11.74,12.613,-0.873
M,03/24/2014,10.5925,10.935,-0.3425,11.57,12.563,-0.993
F,03/21/2014,9.38,10.955,-1.575,11.755,12.515,-0.76
T,03/20/2014,10.565,10.93,-0.365,11.59,12.445,-0.855
W,03/19/2014,11.3925,11.635,-0.2425,12.038,12.773,-0.735
T,03/18/2014,11.31,11.565,-0.255,11.932,12.725,-0.793
M,03/17/2014,12.085,11.907,0.178,12.188,12.823,-0.635
F,03/14/2014,10.2775,11.688,-1.4105,12.105,12.74,-0.635
T,03/13/2014,12.3875,11.842,0.5455,12.15,12.77,-0.62
W,03/12/2014,11.3925,11.898,-0.5055,12.222,12.762,-0.54
T,03/11/2014,11.82,12.132,-0.312,12.352,12.863,-0.511
M,03/10/2014,11.965,11.302,0.663,12.265,12.715,-0.45
F,03/07/2014,9.9025,11.56,-1.6575,11.977,12.573,-0.596
T,03/06/2014,11.4175,11.452,-0.0345,11.807,12.46,-0.653
W,03/05/2014,10.6925,11.403,-0.7105,11.925,12.523,-0.598
T,03/04/2014,10.57,11.605,-1.035,12.097,12.675,-0.578
M,03/03/2014,11.4175,11.217,0.2005,12.15,12.63,-0.48
F,02/28/2014,8.72,11.347,-2.627,11.927,12.517,-0.59
T,02/27/2014,9.815,11.52,-1.705,12.033,12.64,-0.607
W,02/26/2014,11.2725,11.92,-0.6475,12.305,12.818,-0.513
T,02/25/2014,10.5425,11.54,-0.9975,12.057,12.648,-0.591
M,02/24/2014,11.3925,11.593,-0.2005,11.79,12.577,-0.787
F,02/21/2014,10.405,11.363,-0.958,12.17,12.743,-0.573
T,02/20/2014,12.5125,12.073,0.4395,12.545,13.093,-0.548
W,02/19/2014,11.7075,12.075,-0.3675,12.67,13.233,-0.563
T,02/18/2014,11.7425,12.15,-0.4075,12.62,13.182,-0.562
M,02/17/2014,12.175,12.34,-0.165,12.573,13.165,-0.592
F,02/14/2014,10.8475,12.22,-1.3725,12.842,13.24,-0.398
T,02/13/2014,11.925,12.23,-0.305,13.028,13.42,-0.392
W,02/12/2014,12.89,12.752,0.138,13.142,13.472,-0.33
T,02/11/2014,13.1825,13.087,0.0955,13.432,13.71,-0.278
M,02/10/2014,12.915,13.055,-0.14,13.432,13.615,-0.183
F,02/07/2014,13.3225,13.113,0.2095,13.395,13.685,-0.29
T,02/06/2014,13.8975,13.318,0.5795,13.702,13.91,-0.208
W,02/05/2014,14.1125,13.305,0.8075,13.753,13.895,-0.142
T,02/04/2014,14.2675,13.878,0.3895,13.817,14.045,-0.228
M,02/03/2014,15.1475,14.227,0.9205,14.097,14.193,-0.096
F,01/31/2014,12.6,13.677,-1.077,13.825,14.05,-0.225
T,01/30/2014,13.87,13.718,0.152,13.8,14.028,-0.228
W,01/29/2014,14.935,14.302,0.633,14.195,14.227,-0.032
T,01/28/2014,14.26,13.727,0.533,13.767,13.852,-0.085
M,01/27/2014,14.485,13.835,0.65,13.608,13.748,-0.14
F,01/24/2014,14.56,13.47,1.09,13.253,13.468,-0.215
T,01/23/2014,13.1275,12.847,0.2805,12.93,13.208,-0.278
W,01/22/2014,11.33,12.305,-0.975,12.635,13.035,-0.4
T,01/21/2014,11.7725,12.335,-0.5625,12.657,13.073,-0.416
M,01/20/2014,10.995,11.907,-0.912,12.415,12.915,-0.5
F,01/17/2014,10.6475,11.875,-1.2275,12.452,13.003,-0.551
T,01/16/2014,13.555,12.635,0.92,12.92,13.26,-0.34
W,01/15/2014,12.955,12.753,0.202,12.97,13.275,-0.305
T,01/14/2014,12.33,12.667,-0.337,12.878,13.188,-0.31
M,01/13/2014,11.7925,12.375,-0.5825,12.642,12.955,-0.313
F,01/10/2014,12.1825,12.313,-0.1305,12.865,13.135,-0.27
T,01/09/2014,13.3875,13.305,0.0825,13.488,13.592,-0.104
W,01/08/2014,13.4725,13.32,0.1525,13.533,13.648,-0.115
T,01/07/2014,13.4175,13.225,0.1925,13.452,13.625,-0.173
M,01/06/2014,13.59,13.583,0.007,13.765,13.837,-0.072
F,01/03/2014,13.42,13.97,-0.55,13.948,13.952,-0.004
T,01/02/2014,14.925,14.438,0.487,14.235,14.138,0.097
W,01/01/2014,12.245,13.033,-0.788,13.333,13.497,-0.164
T,12/31/2013,11.7475,12.998,-1.2505,13.24,13.465,-0.225
M,12/30/2013,11.9675,12.948,-0.9805,13.177,13.417,-0.24
F,12/27/2013,9.9,12.292,-2.392,12.905,13.195,-0.29
T,12/26/2013,10.8375,12.278,-1.4405,12.9,13.163,-0.263
W,12/25/2013,11.6625,12.305,-0.6425,12.915,13.188,-0.273
T,12/24/2013,11.63,12.323,-0.693,12.88,13.163,-0.283
M,12/23/2013,11.22,12.313,-1.093,12.962,13.233,-0.271
F,12/20/2013,10.425,12.53,-2.105,13.077,13.267,-0.19
T,12/19/2013,11.36,12.185,-0.825,12.935,13.235,-0.3
W,12/18/2013,12.9475,12.278,0.6695,12.932,13.283,-0.351
T,12/17/2013,14.37,12.775,1.595,13.137,13.405,-0.268
M,12/16/2013,14.325,12.593,1.732,12.955,13.342,-0.387
F,12/13/2013,15.0275,12.552,2.4755,13.12,13.417,-0.297
T,12/12/2013,14.6325,12.692,1.9405,13.273,13.495,-0.222
W,12/11/2013,12.5825,12.573,0.0095,13.16,13.43,-0.27
T,12/10/2013,11.63,11.942,-0.312,12.782,13.22,-0.438
M,12/09/2013,12.1825,12.352,-0.1695,12.93,13.355,-0.425
F,12/06/2013,13.9325,12.93,1.0025,13.345,13.517,-0.172
T,12/05/2013,15.925,13.655,2.27,13.8,13.895,-0.095
W,12/04/2013,15.4925,13.945,1.5475,14.233,14.28,-0.047
T,12/03/2013,15.1825,13.605,1.5775,14.05,14.11,-0.06
M,12/02/2013,14.735,13.59,1.145,14.017,14.047,-0.03
F,11/29/2013,14.33,13.212,1.118,13.625,13.807,-0.182
T,11/28/2013,14.41,13.167,1.243,13.52,13.71,-0.19
W,11/27/2013,13.9725,13.243,0.7295,13.592,13.78,-0.188
T,11/26/2013,13.605,12.727,0.878,13.32,13.542,-0.222
M,11/25/2013,13.55,13.245,0.305,13.313,13.465,-0.152
F,11/22/2013,12.5175,13.03,-0.5125,13.16,13.41,-0.25
T,11/21/2013,14.4625,13.682,0.7805,13.573,13.642,-0.069
W,11/20/2013,14.1825,13.507,0.6755,13.063,13.185,-0.122
T,11/19/2013,12.675,12.798,-0.123,12.602,12.868,-0.266
M,11/18/2013,12.9575,12.112,0.8455,12.118,12.545,-0.427
F,11/15/2013,12.05,11.942,0.108,12.163,12.673,-0.51
T,11/14/2013,12.7,12.267,0.433,12.375,12.753,-0.378
W,11/13/2013,12.5475,12.443,0.1045,12.432,12.835,-0.403
T,11/12/2013,14.0625,13.708,0.3545,13.712,13.868,-0.156
M,11/11/2013,13.92,14.087,-0.167,14.222,14.382,-0.16
F,11/08/2013,13.0675,14.712,-1.6445,14.8,14.75,0.05
T,11/07/2013,16.5425,14.92,1.6225,14.625,14.67,-0.045
W,11/06/2013,15.205,14.295,0.91,14.1,14.115,-0.015
T,11/05/2013,15.7225,14.18,1.5425,14.077,14.045,0.032
M,11/04/2013,12.51,12.19,0.32,12.395,12.82,-0.425
F,11/01/2013,12.275,12.352,-0.077,12.497,12.872,-0.375
T,10/31/2013,13.385,11.613,1.772,11.692,12.225,-0.533
W,10/30/2013,9.39,9.472,-0.082,10.247,11.19,-0.943
T,10/29/2013,9.1075,9.222,-0.1145,9.94,11.005,-1.065
M,10/28/2013,9.4325,9.355,0.0775,9.93,11.08,-1.15
F,10/25/2013,9.43,10.425,-0.995,10.9,11.682,-0.782
T,10/24/2013,11.9775,11.585,0.3925,11.765,12.343,-0.578
W,10/23/2013,11.46,11.53,-0.07,11.798,12.198,-0.4
T,10/22/2013,11.6975,11.56,0.1375,11.747,12.195,-0.448
M,10/21/2013,12.1075,12.003,0.1045,12.083,12.352,-0.269
F,10/18/2013,11.8725,11.53,0.3425,11.86,12.325,-0.465
T,10/17/2013,11.08,11.222,-0.142,11.485,11.983,-0.498
W,10/16/2013,12.03,11.587,0.443,11.648,12.048,-0.4
T,10/15/2013,11.185,11.27,-0.085,11.545,12.042,-0.497
M,10/14/2013,11.3675,11.63,-0.2625,11.767,12.193,-0.426
F,10/11/2013,12.0475,12.222,-0.1745,12.352,12.718,-0.366
T,10/10/2013,13.1275,12.873,0.2545,12.837,12.892,-0.055
W,10/09/2013,13.1925,13.488,-0.2955,13.253,13.345,-0.092
T,10/08/2013,12.9425,13.313,-0.3705,13.23,13.327,-0.097
M,10/07/2013,13.8,13.895,-0.095,13.398,13.558,-0.16
F,10/04/2013,12.7775,14.023,-1.2455,13.587,13.587,0
T,10/03/2013,14.95,14.41,0.54,13.815,13.81,0.005
W,10/02/2013,15.1525,14.5,0.6525,14,13.94,0.06
T,10/01/2013,16.1425,14.965,1.1775,14.177,14.055,0.122
M,09/30/2013,16.2625,14.948,1.3145,14.31,14.202,0.108
F,09/27/2013,15.1025,14.655,0.4475,14.435,14.327,0.108
T,09/26/2013,14.8225,14.472,0.3505,14.417,14.327,0.09
W,09/25/2013,14.8175,14.218,0.5995,13.91,13.847,0.063
T,09/24/2013,14.3125,13.96,0.3525,13.575,13.513,0.062
M,09/23/2013,13.9125,13.66,0.2525,13.427,13.345,0.082
F,09/20/2013,15.09,14.105,0.985,13.722,13.517,0.205
T,09/19/2013,14.8375,13.765,1.0725,13.523,13.382,0.141
W,09/18/2013,15.5675,13.755,1.8125,13.352,13.343,0.009
T,09/17/2013,15.9275,14.137,1.7905,13.89,13.872,0.018
M,09/16/2013,15.85,14.065,1.785,13.905,13.943,-0.038
F,09/13/2013,15.9875,14.283,1.7045,14.135,14.165,-0.03
T,09/12/2013,16.6025,14.97,1.6325,14.55,14.49,0.06
W,09/11/2013,15.3825,15.165,0.2175,14.642,14.523,0.119
T,09/10/2013,15.345,14.882,0.463,14.465,14.38,0.085
M,09/09/2013,15.005,15.07,-0.065,14.735,14.682,0.053
F,09/06/2013,17.1975,15.922,1.2755,15.292,15.165,0.127
T,09/05/2013,19.435,17.01,2.425,15.9,15.655,0.245
W,09/04/2013,18.395,16.885,1.51,16.032,15.743,0.289
T,09/03/2013,19.185,17.448,1.737,16.375,15.997,0.378
M,09/02/2013,19.2675,17.645,1.6225,16.33,15.913,0.417
F,08/30/2013,17.2575,17.575,-0.3175,16.327,15.81,0.517
T,08/29/2013,18.9725,17.435,1.5375,16.11,15.615,0.495
W,08/28/2013,19.1825,17.587,1.5955,16.048,15.515,0.533
T,08/27/2013,17.985,16.9,1.085,15.653,15.37,0.283
M,08/26/2013,18.0175,16.5,1.5175,15.278,15.14,0.138
F,08/23/2013,16.06,16.135,-0.075,15.23,15.198,0.032
T,08/22/2013,18.0125,17.053,0.9595,15.8,15.763,0.037
W,08/21/2013,18.6175,17.443,1.1745,16.36,15.993,0.367
T,08/20/2013,17.33,16.345,0.985,15.485,15.373,0.112
M,08/19/2013,18.4375,17.13,1.3075,16.198,15.97,0.228
F,08/16/2013,14.455,14.925,-0.47,14.903,14.813,0.09
T,08/15/2013,14.425,13.807,0.618,13.968,14.042,-0.074
W,08/14/2013,12.9375,13.285,-0.3475,13.545,13.682,-0.137
T,08/13/2013,12.52,12.97,-0.45,13.21,13.368,-0.158
M,08/12/2013,11.53,12.58,-1.05,12.903,13.023,-0.12
F,08/09/2013,10.19,12.375,-2.185,12.958,12.975,-0.017
T,08/08/2013,12.5075,12.87,-0.3625,13.333,13.422,-0.089
W,08/07/2013,11.5825,12.667,-1.0845,13.27,13.435,-0.165
T,08/06/2013,12.07,12.727,-0.657,13.19,13.337,-0.147
M,08/05/2013,13.0625,13.202,-0.1395,13.528,13.645,-0.117
F,08/02/2013,14.275,13.705,0.57,13.852,13.827,0.025
T,08/01/2013,15.6175,14.17,1.4475,14.167,14.05,0.117
W,07/31/2013,15.085,13.878,1.207,13.7,13.653,0.047
T,07/30/2013,14.695,13.597,1.098,13.462,13.432,0.03
M,07/29/2013,14.265,13.09,1.175,13.12,13.092,0.028
F,07/26/2013,12.125,12.807,-0.682,12.813,12.84,-0.027
T,07/25/2013,13.7025,12.953,0.7495,12.87,12.828,0.042
W,07/24/2013,13.3925,12.962,0.4305,12.858,12.825,0.033
T,07/23/2013,12.47,12.483,-0.013,12.488,12.59,-0.102
M,07/22/2013,13.0625,12.862,0.2005,12.795,12.81,-0.015
F,07/19/2013,12.5275,13.073,-0.5455,12.985,12.985,0
T,07/18/2013,14.885,13.618,1.267,13.358,13.267,0.091
W,07/17/2013,14.62,13.715,0.905,13.408,13.355,0.053
T,07/16/2013,15.43,13.9,1.53,13.597,13.542,0.055
M,07/15/2013,14.04,13.038,1.002,13.307,13.372,-0.065
F,07/12/2013,12.36,13.855,-1.495,13.915,13.943,-0.028
T,07/11/2013,14.745,14.292,0.453,14.315,14.278,0.037
W,07/10/2013,15.1475,14.872,0.2755,14.722,14.695,0.027
T,07/09/2013,15.0375,14.203,0.8345,14.778,14.73,0.048
M,07/08/2013,16.435,15.648,0.787,14.983,14.915,0.068
F,07/05/2013,15.795,15.96,-0.165,15.342,15.155,0.187
T,07/04/2013,18.03,15.94,2.09,15.245,15.12,0.125
W,07/03/2013,17.825,16.08,1.745,15.278,15.135,0.143
T,07/02/2013,17.435,15.795,1.64,15.052,14.858,0.194
M,07/01/2013,17.7925,15.548,2.2445,14.688,14.567,0.121
F,06/28/2013,15.9825,15.325,0.6575,14.8,14.55,0.25
T,06/27/2013,16.425,14.535,1.89,13.917,13.913,0.004
W,06/26/2013,16.8925,14.97,1.9225,14.467,14.427,0.04
T,06/25/2013,17.8325,15.908,1.9245,15.153,14.997,0.156
M,06/24/2013,19.76,16.93,2.83,15.845,15.63,0.215
F,06/21/2013,18.965,17.323,1.642,16.278,15.895,0.383
T,06/20/2013,22.7,18.323,4.377,16.715,16.27,0.445
W,06/19/2013,19.3025,15.83,3.4725,14.91,14.682,0.228
T,06/18/2013,17.3875,14.557,2.8305,13.868,13.82,0.048
M,06/17/2013,16.9,14.49,2.41,13.78,13.64,0.14
F,06/14/2013,14.0225,13.815,0.2075,13.395,13.308,0.087
T,06/13/2013,15.935,14,1.935,13.487,13.408,0.079
W,06/12/2013,16.115,14.43,1.685,13.802,13.665,0.137
T,06/11/2013,15.8975,14.247,1.6505,13.618,13.475,0.143
M,06/10/2013,15.3825,13.905,1.4775,13.458,13.385,0.073
F,06/07/2013,13.725,13.472,0.253,13.24,13.21,0.03
T,06/06/2013,15.2225,13.325,1.8975,13,13.003,-0.003
W,06/05/2013,16.205,13.863,2.342,13.198,13.145,0.053
T,06/04/2013,14.175,12.855,1.32,12.667,12.68,-0.013
M,06/03/2013,15.215,13.578,1.637,13.175,13.167,0.008
F,05/31/2013,13.89,13.613,0.277,13.352,13.185,0.167
T,05/30/2013,13.6675,12.132,1.5355,12.1,12.052,0.048
W,05/29/2013,13.6125,11.917,1.6955,11.945,11.908,0.037
T,05/28/2013,10.79,10.385,0.405,10.523,10.788,-0.265
M,05/27/2013,8.81,9.65,-0.84,10.108,10.557,-0.449
F,05/24/2013,7.93,9.605,-1.675,9.983,10.44,-0.457
T,05/23/2013,9.4825,9.898,-0.4155,10.135,10.513,-0.378
W,05/22/2013,9.095,9.57,-0.475,9.94,10.448,-0.508
T,05/21/2013,9.215,9.53,-0.315,9.837,10.41,-0.573
M,05/20/2013,9.2375,9.42,-0.1825,9.74,10.36,-0.62
F,05/17/2013,8.7825,9.41,-0.6275,9.765,10.278,-0.513
T,05/16/2013,9.5825,9.017,0.5655,9.285,9.995,-0.71
W,05/15/2013,9.2175,8.915,0.3025,9.183,9.843,-0.66
T,05/14/2013,7.8975,7.813,0.0845,8.35,9.295,-0.945
M,05/13/2013,7.6,7.68,-0.08,8.28,9.233,-0.953
F,05/10/2013,6.935,7.695,-0.76,8.375,9.215,-0.84
T,05/09/2013,7.28,7.233,0.047,7.938,8.977,-1.039
W,05/08/2013,7.0625,7.332,-0.2695,8.222,9.21,-0.988
T,05/07/2013,7.1775,7.472,-0.2945,8.267,9.23,-0.963
M,05/06/2013,7.5775,7.9,-0.3225,8.503,9.39,-0.887
F,05/03/2013,7.095,8.038,-0.943,8.648,9.425,-0.777
T,05/02/2013,8.7475,8.297,0.4505,8.767,9.57,-0.803
W,05/01/2013,8.6075,8.222,0.3855,8.83,9.545,-0.715
T,04/30/2013,8.4,8.262,0.138,8.84,9.555,-0.715
M,04/29/2013,9.1025,8.48,0.6225,8.97,9.698,-0.728
F,04/26/2013,8.97,8.415,0.555,8.975,9.745,-0.77
T,04/25/2013,8.65,8.635,0.015,9.145,9.78,-0.635
W,04/24/2013,8.4875,8.67,-0.1825,9.04,9.702,-0.662
T,04/23/2013,9.0775,9.023,0.0545,9.417,9.958,-0.541
M,04/22/2013,9.4275,9.323,0.1045,9.78,10.142,-0.362
F,04/19/2013,9.6175,9.65,-0.0325,10.055,10.435,-0.38
T,04/18/2013,11.05,10.225,0.825,10.435,10.71,-0.275
W,04/17/2013,11.2175,9.985,1.2325,10.145,10.49,-0.345
T,04/16/2013,10.685,9.69,0.995,9.847,10.24,-0.393
M,04/15/2013,11.38,10.345,1.035,10.36,10.655,-0.295
F,04/12/2013,8.58,8.355,0.225,8.835,9.635,-0.8
T,04/11/2013,8.535,8.425,0.11,8.913,9.62,-0.707
W,04/10/2013,8.29,8.525,-0.235,8.888,9.618,-0.73
T,04/09/2013,8.2225,8.475,-0.2525,8.85,9.477,-0.627
M,04/08/2013,8.785,8.55,0.235,8.827,9.38,-0.553
F,04/05/2013,8.81,8.225,0.585,8.645,9.285,-0.64
T,04/04/2013,8.33,8.19,0.14,8.688,9.36,-0.672
W,04/03/2013,8.8,8.495,0.305,8.865,9.45,-0.585
T,04/02/2013,8.14,8.245,-0.105,8.65,9.24,-0.59
M,04/01/2013,8.2,8.352,-0.152,8.778,9.3,-0.522
F,03/29/2013,7.705,8.18,-0.475,8.74,9.305,-0.565
T,03/28/2013,7.6775,8.19,-0.5125,8.73,9.31,-0.58
W,03/27/2013,8.015,8.46,-0.445,8.94,9.427,-0.487
T,03/26/2013,8.3175,9.03,-0.7125,9.4,9.775,-0.375
M,03/25/2013,8.9975,9.435,-0.4375,9.602,9.915,-0.313
F,03/22/2013,10.325,9.6,0.725,9.76,10.1,-0.34
T,03/21/2013,10.5425,9.485,1.0575,9.645,9.915,-0.27
W,03/20/2013,8.6275,8.51,0.1175,8.837,9.44,-0.603
T,03/19/2013,8.69,8.555,0.135,8.872,9.48,-0.608
M,03/18/2013,8.5225,8.438,0.0845,8.642,9.265,-0.623
F,03/15/2013,7.9875,7.873,0.1145,8.39,9.15,-0.76
T,03/14/2013,7.1675,7.41,-0.2425,8.013,8.9,-0.887
W,03/13/2013,7.36,7.51,-0.15,8.08,8.925,-0.845
T,03/12/2013,6.87,7.31,-0.44,7.925,8.87,-0.945
M,03/11/2013,7.555,7.767,-0.212,8.22,9.1,-0.88
F,03/08/2013,7.855,7.895,-0.04,8.525,9.33,-0.805
T,03/07/2013,7.9525,7.875,0.0775,8.55,9.315,-0.765
W,03/06/2013,8.0625,8.068,-0.0055,8.663,9.405,-0.742
T,03/05/2013,8.18,8.137,0.043,8.693,9.413,-0.72
M,03/04/2013,8.39,8.245,0.145,8.805,9.525,-0.72
F,03/01/2013,8.6025,8.297,0.3055,8.855,9.495,-0.64
T,02/28/2013,8.5,8.577,-0.077,8.995,9.53,-0.535
W,02/27/2013,8.8725,9.038,-0.1655,9.273,9.71,-0.437
T,02/26/2013,9.69,9.602,0.088,9.637,9.93,-0.293
M,02/25/2013,8.7975,8.57,0.2275,8.855,9.39,-0.535
F,02/22/2013,8.635,8.583,0.052,8.83,9.365,-0.535
T,02/21/2013,8.66,8.613,0.047,8.855,9.38,-0.525
W,02/20/2013,8.0625,8.163,-0.1005,8.565,9.163,-0.598
T,02/19/2013,7.555,7.842,-0.287,8.415,8.995,-0.58
M,02/18/2013,7.84,7.925,-0.085,8.477,9.035,-0.558
F,02/15/2013,7.735,7.877,-0.142,8.455,9.075,-0.62
T,02/14/2013,7.7425,7.845,-0.1025,8.36,9.05,-0.69
W,02/13/2013,6.84,7.438,-0.598,7.963,8.78,-0.817
T,02/12/2013,6.7375,7.288,-0.5505,7.86,8.685,-0.825
M,02/11/2013,6.89,7.34,-0.45,7.922,8.69,-0.768
F,02/08/2013,7.1325,7.273,-0.1405,7.858,8.685,-0.827
T,02/07/2013,6.69,7.087,-0.397,7.722,8.675,-0.953
W,02/06/2013,5.985,6.773,-0.788,7.515,8.49,-0.975
T,02/05/2013,6.26,6.882,-0.622,7.65,8.55,-0.9
M,02/04/2013,7.025,7.052,-0.027,7.677,8.613,-0.936
F,02/01/2013,8.315,7.825,0.49,8.358,9.033,-0.675
T,01/31/2013,8.635,8.225,0.41,8.632,9.137,-0.505
W,01/30/2013,9.2675,8.615,0.6525,8.938,9.288,-0.35
T,01/29/2013,9.33,8.58,0.75,8.917,9.307,-0.39
M,01/28/2013,10.1375,8.38,1.7575,8.87,9.29,-0.42
F,01/25/2013,5.8275,6.215,-0.3875,7.637,8.658,-1.021
T,01/24/2013,5.805,6.275,-0.47,7.655,8.653,-0.998
W,01/23/2013,5.77,6.155,-0.385,7.577,8.618,-1.041
T,01/22/2013,5.7775,6.255,-0.4775,7.66,8.717,-1.057
M,01/21/2013,5.9525,6.47,-0.5175,7.825,8.892,-1.067
F,01/18/2013,6.1325,6.74,-0.6075,7.935,8.95,-1.015
T,01/17/2013,6.4925,7.005,-0.5125,8.045,8.985,-0.94
W,01/16/2013,6.545,7.105,-0.56,8.135,9.04,-0.905
T,01/15/2013,6.8925,7.285,-0.3925,8.295,9.155,-0.86
M,01/14/2013,6.845,7.34,-0.495,8.25,9.113,-0.863
F,01/11/2013,7.075,7.37,-0.295,8.235,8.983,-0.748
T,01/10/2013,7.16,7.6,-0.44,8.245,8.958,-0.713
W,01/09/2013,7.5725,7.98,-0.4075,8.472,9.137,-0.665
T,01/08/2013,7.915,8.125,-0.21,8.523,9.132,-0.609
M,01/07/2013,7.435,7.67,-0.235,8.275,8.917,-0.642
F,01/04/2013,7.345,7.63,-0.285,8.342,9.005,-0.663
T,01/03/2013,7.5725,8,-0.4275,8.632,9.24,-0.608
W,01/02/2013,8.0325,8.8,-0.7675,9.262,9.688,-0.426
T,01/01/2013,8.4875,9.135,-0.6475,9.427,9.83,-0.403
M,12/31/2012,8.59,9.045,-0.455,9.382,9.8,-0.418
F,12/28/2012,8.9075,9.305,-0.3975,9.545,9.85,-0.305
T,12/27/2012,9.62,9.555,0.065,9.747,9.94,-0.193
W,12/26/2012,9.37,9.523,-0.153,9.73,9.988,-0.258
T,12/25/2012,8.88,9.497,-0.617,9.743,9.972,-0.229
M,12/24/2012,8.74,9.372,-0.632,9.693,9.908,-0.215
F,12/21/2012,9.005,9.425,-0.42,9.757,9.932,-0.175
T,12/20/2012,8.58,9.065,-0.485,9.398,9.653,-0.255
W,12/19/2012,8.5175,8.82,-0.3025,9.145,9.475,-0.33
T,12/18/2012,7.885,8.445,-0.56,8.877,9.392,-0.515
M,12/17/2012,8.6575,8.37,0.2875,8.835,9.282,-0.447
F,12/14/2012,8.795,8.255,0.54,8.783,9.167,-0.384
T,12/13/2012,8.875,8.265,0.61,8.825,9.132,-0.307
W,12/12/2012,8.7575,8.185,0.5725,8.73,9.078,-0.348
T,12/11/2012,8.8425,8.215,0.6275,8.717,9.023,-0.306
M,12/10/2012,8.8375,8.205,0.6325,8.745,9.102,-0.357
F,12/07/2012,8.95,8.415,0.535,8.953,9.278,-0.325
T,12/06/2012,9.755,8.795,0.96,9.368,9.675,-0.307
W,12/05/2012,10.66,9.815,0.845,10.172,10.477,-0.305
T,12/04/2012,11.3225,10.345,0.9775,10.493,10.733,-0.24
M,12/03/2012,12.5275,10.84,1.6875,11.048,11.033,0.015
F,11/30/2012,13,11.75,1.25,11.5,11.5,0
T,11/29/2012,9.755,8.773,0.982,9.227,9.618,-0.391
W,11/28/2012,9.1475,8.64,0.5075,9.173,9.642,-0.469
T,11/27/2012,8.33,8.1,0.23,8.653,9.438,-0.785
M,11/26/2012,9.2975,9.055,0.2425,9.47,9.92,-0.45
F,11/23/2012,10.39,9.878,0.512,10.087,10.477,-0.39
T,11/22/2012,11.88,11.285,0.595,10.913,11.063,-0.15
W,11/21/2012,12.135,11.595,0.54,11.142,11.167,-0.025
T,11/20/2012,10.375,10.523,-0.148,10.477,10.755,-0.278
M,11/19/2012,10.58,10.613,-0.033,10.458,10.738,-0.28
F,11/16/2012,9.225,8.948,0.277,9.29,9.823,-0.533
T,11/15/2012,8.4675,8.538,-0.0705,8.977,9.472,-0.495
W,11/14/2012,8.61,8.715,-0.105,9.073,9.628,-0.555
T,11/13/2012,8.7775,9.167,-0.3895,9.337,9.798,-0.461
M,11/12/2012,6.8325,7.33,-0.4975,7.807,8.675,-0.868
F,11/09/2012,6.3975,7,-0.6025,7.548,8.608,-1.06
T,11/08/2012,4.4825,5.483,-1.0005,6.95,8.372,-1.422
W,11/07/2012,4.4125,5.347,-0.9345,7.007,8.423,-1.416
T,11/06/2012,4.75,5.695,-0.945,7.13,8.545,-1.415
M,11/05/2012,5.1625,5.802,-0.6395,7.207,8.788,-1.581
F,11/02/2012,5.2075,5.765,-0.5575,7.305,8.865,-1.56
T,11/01/2012,5.1325,5.8,-0.6675,7.378,8.907,-1.529
W,10/31/2012,5.4475,6.128,-0.6805,7.49,9.033,-1.543
T,10/30/2012,4.815,6,-1.185,7.483,9.065,-1.582
M,10/29/2012,4.865,6.033,-1.168,7.51,9.077,-1.567
F,10/26/2012,4.865,5.907,-1.042,7.438,8.997,-1.559
T,10/25/2012,4.7875,5.97,-1.1825,7.488,9.077,-1.589
W,10/24/2012,5.055,6.097,-1.042,7.617,9.325,-1.708
T,10/23/2012,5.325,6.342,-1.017,7.72,9.423,-1.703
M,10/22/2012,5.09,6.028,-0.938,7.52,9.21,-1.69
F,10/19/2012,5.3775,6.227,-0.8495,7.7,9.32,-1.62
T,10/18/2012,5.57,6.533,-0.963,7.753,9.46,-1.707
W,10/17/2012,5.39,6.698,-1.308,7.875,9.515,-1.64
T,10/16/2012,6.1,7.052,-0.952,8.142,9.688,-1.546
M,10/15/2012,6.1875,7.137,-0.9495,8.122,9.722,-1.6
F,10/12/2012,7.305,7.352,-0.047,8.267,9.878,-1.611
T,10/11/2012,6.53,7.203,-0.673,8.18,9.817,-1.637
W,10/10/2012,6.9975,7.483,-0.4855,8.42,9.852,-1.432
T,10/09/2012,6.84,7.41,-0.57,8.355,9.903,-1.548
M,10/08/2012,6.335,7.262,-0.927,8.29,9.85,-1.56
F,10/05/2012,5.8075,6.767,-0.9595,7.99,9.638,-1.648
T,10/04/2012,5.2425,6.58,-1.3375,7.843,9.415,-1.572
W,10/03/2012,5.3225,6.575,-1.2525,7.818,9.323,-1.505
T,10/02/2012,5.635,6.66,-1.025,7.715,9.167,-1.452
M,10/01/2012,6.29,7.227,-0.937,8.17,9.507,-1.337
F,09/28/2012,6.835,7.412,-0.577,8.515,9.623,-1.108
T,09/27/2012,7.4975,7.908,-0.4105,8.868,9.88,-1.012
W,09/26/2012,7.4925,8.087,-0.5945,9.055,9.875,-0.82
T,09/25/2012,7.16,8.028,-0.868,8.955,9.91,-0.955
M,09/24/2012,7.3775,8.165,-0.7875,9.215,10.188,-0.973
F,09/21/2012,7.335,8.118,-0.783,9.25,10.2,-0.95
T,09/20/2012,7.825,8.313,-0.488,9.368,10.227,-0.859
W,09/19/2012,8.145,8.733,-0.588,9.705,10.775,-1.07
T,09/18/2012,8.735,9.243,-0.508,10.185,11.065,-0.88
M,09/17/2012,9.3775,9.483,-0.1055,10.38,11.155,-0.775
F,09/14/2012,9.1775,9.203,-0.0255,10.245,11.17,-0.925
T,09/13/2012,8.69,9.087,-0.397,9.887,10.84,-0.953
W,09/12/2012,8.74,9.172,-0.432,10.375,11.507,-1.132
T,09/11/2012,8.98,9.458,-0.478,10.47,11.635,-1.165
M,09/10/2012,8.87,9.49,-0.62,10.585,11.788,-1.203
F,09/07/2012,8.73,9.75,-1.02,10.743,11.83,-1.087
T,09/06/2012,9.2575,10.13,-0.8725,11.108,12.038,-0.93
W,09/05/2012,9.97,10.58,-0.61,11.403,12.26,-0.857
T,09/04/2012,9.765,10.6,-0.835,11.355,12.233,-0.878
M,09/03/2012,9.5775,10.802,-1.2245,11.358,12.273,-0.915
F,08/31/2012,9.655,10.703,-1.048,11.273,12.257,-0.984
T,08/30/2012,10.8575,10.925,-0.0675,11.435,12.327,-0.892
W,08/29/2012,10.295,10.592,-0.297,11.4,12.273,-0.873
T,08/28/2012,9.9425,10.575,-0.6325,11.333,12.237,-0.904
M,08/27/2012,8.97,10.182,-1.212,11.17,12.083,-0.913
F,08/24/2012,8.675,10.177,-1.502,11.23,12.18,-0.95
T,08/23/2012,8.53,10.17,-1.64,11.25,12.16,-0.91
W,08/22/2012,8.005,9.762,-1.757,10.965,12.003,-1.038
T,08/21/2012,8.67,10.205,-1.535,11.218,12.163,-0.945
M,08/20/2012,8.165,9.97,-1.805,11.058,12.028,-0.97
F,08/17/2012,8.495,9.975,-1.48,11.02,12.048,-1.028
T,08/16/2012,8.595,9.97,-1.375,11.07,12.063,-0.993
W,08/15/2012,8.9925,10,-1.0075,11.073,12.038,-0.965
T,08/14/2012,9.3975,10.1,-0.7025,11.038,11.977,-0.939
M,08/13/2012,9.6475,10.095,-0.4475,11.015,11.917,-0.902
F,08/10/2012,9.7875,10.233,-0.4455,11.198,12.087,-0.889
T,08/09/2012,9.825,10.255,-0.43,11.225,12.108,-0.883
W,08/08/2012,9.85,10.335,-0.485,11.185,12.083,-0.898
T,08/07/2012,10.0225,10.61,-0.5875,11.362,12.075,-0.713
M,08/06/2012,10.05,10.685,-0.635,11.323,12.005,-0.682
F,08/03/2012,10.515,10.8,-0.285,11.3,12.028,-0.728
T,08/02/2012,11.1675,11.343,-0.1755,11.868,12.41,-0.542
W,08/01/2012,13.74,12.767,0.973,12.888,13.157,-0.269
T,07/31/2012,12.74,12.715,0.025,12.888,13.08,-0.192
M,07/30/2012,12.575,12.295,0.28,12.63,12.92,-0.29
F,07/27/2012,11.7325,11.715,0.0175,12.237,12.735,-0.498
T,07/26/2012,11.24,11.487,-0.247,12.25,12.833,-0.583
W,07/25/2012,11.665,12.04,-0.375,12.525,13.112,-0.587
T,07/24/2012,12.46,12.478,-0.018,12.89,13.347,-0.457
M,07/23/2012,11.8625,11.965,-0.1025,12.395,12.865,-0.47
F,07/20/2012,10.37,11.023,-0.653,11.985,12.538,-0.553
T,07/19/2012,10.48,10.975,-0.495,11.972,12.507,-0.535
W,07/18/2012,10.8125,11.495,-0.6825,12.29,12.77,-0.48
T,07/17/2012,10.8225,11.55,-0.7275,12.347,12.817,-0.47
M,07/16/2012,11.4275,11.94,-0.5125,12.675,13.085,-0.41
F,07/13/2012,11.705,12.36,-0.655,13.015,13.448,-0.433
T,07/12/2012,12.27,12.653,-0.383,13.235,13.565,-0.33
W,07/11/2012,12.8575,13.01,-0.1525,13.46,13.813,-0.353
T,07/10/2012,13.0575,13.24,-0.1825,13.632,13.888,-0.256
M,07/09/2012,13.5275,13.698,-0.1705,14.085,14.245,-0.16
F,07/06/2012,14.2375,13.935,0.3025,14.243,14.378,-0.135
T,07/05/2012,15.125,14.382,0.743,14.505,14.573,-0.068
W,07/04/2012,16.515,15.535,0.98,15.125,14.987,0.138
T,07/03/2012,16.34,15.265,1.075,14.88,14.75,0.13
M,07/02/2012,16.505,15.325,1.18,14.923,14.808,0.115
F,06/29/2012,16.0825,15.2,0.8825,14.865,14.785,0.08
T,06/28/2012,16.01,15.745,0.265,15.77,15.638,0.132
W,06/27/2012,14.94,15.247,-0.307,15.192,15.188,0.004
T,06/26/2012,14.955,15.138,-0.183,15.13,15.132,-0.002
M,06/25/2012,15.1675,15.26,-0.0925,15.132,15.112,0.02
F,06/22/2012,14.7625,14.757,0.0055,14.885,15.05,-0.165
T,06/21/2012,14.67,14.5,0.17,14.9,14.948,-0.048
W,06/20/2012,14.775,14.94,-0.165,15.025,15.023,0.002
T,06/19/2012,15.1975,15.262,-0.0645,15.33,15.325,0.005
M,06/18/2012,16.97,16.688,0.282,16.24,16.048,0.192
F,06/15/2012,19.9825,17.795,2.1875,16.682,16.267,0.415
T,06/14/2012,20.555,18.218,2.337,16.993,16.403,0.59
W,06/13/2012,20.335,18.243,2.092,16.943,16.38,0.563
T,06/12/2012,19.95,18.042,1.908,16.693,16.337,0.356
M,06/11/2012,19.1425,17.333,1.8095,16.4,16.073,0.327
F,06/08/2012,16.5825,16.747,-0.1645,16.292,16.092,0.2
T,06/07/2012,17.3625,16.8,0.5625,16.27,16.103,0.167
W,06/06/2012,16.905,16.61,0.295,16.217,16.048,0.169
T,06/05/2012,17.55,16.778,0.772,16.19,16.032,0.158
M,06/04/2012,17.7425,17.295,0.4475,16.658,16.302,0.356
F,06/01/2012,17.895,17.27,0.625,16.658,16.337,0.321
T,05/31/2012,17.25,16.638,0.612,16.458,16.22,0.238
W,05/30/2012,17.84,17.245,0.595,16.722,16.545,0.177
T,05/29/2012,16.935,16.737,0.198,16.448,16.31,0.138
M,05/28/2012,18.2575,17.458,0.7995,16.745,16.53,0.215
F,05/25/2012,18.9075,17.88,1.0275,16.92,16.673,0.247
T,05/24/2012,21.13,19.23,1.9,17.58,17.142,0.438
W,05/23/2012,21.705,19.042,2.663,17.913,17.653,0.26
T,05/22/2012,19.475,18.63,0.845,18.028,17.72,0.308
M,05/21/2012,18.545,18.127,0.418,17.682,17.51,0.172
F,05/18/2012,18.0275,16.958,1.0695,16.94,16.875,0.065
T,05/17/2012,16.335,16.175,0.16,16.108,16.173,-0.065
W,05/16/2012,17.0025,16.685,0.3175,16.63,16.507,0.123
T,05/15/2012,16.63,16.37,0.26,16.27,16.175,0.095
M,05/14/2012,16.865,16.125,0.74,15.95,15.845,0.105
F,05/11/2012,14.3725,14.27,0.1025,14.58,14.725,-0.145
T,05/10/2012,14.4575,14.035,0.4225,14.495,14.532,-0.037
W,05/09/2012,15.0075,14.01,0.9975,14.202,14.347,-0.145
T,05/08/2012,12.7525,12.695,0.0575,13.13,13.602,-0.472
M,05/07/2012,12.245,12.405,-0.16,12.865,13.378,-0.513
F,05/04/2012,12.1525,12.275,-0.1225,12.942,13.403,-0.461
T,05/03/2012,12.955,12.818,0.137,13.37,13.663,-0.293
W,05/02/2012,12.49,12.705,-0.215,13.368,13.747,-0.379
T,05/01/2012,11.6,11.667,-0.067,12.535,13.403,-0.868
M,04/30/2012,10.88,11.422,-0.542,12.4,13.31,-0.91
F,04/27/2012,10.5,10.945,-0.445,12.18,13.077,-0.897
T,04/26/2012,11.11,11.75,-0.64,12.875,13.38,-0.505
W,04/25/2012,11.2775,12.035,-0.7575,13.017,13.712,-0.695
T,04/24/2012,11.5,12.535,-1.035,13.177,13.817,-0.64
M,04/23/2012,12.7875,13.145,-0.3575,13.57,13.898,-0.328
F,04/20/2012,12.47,12.727,-0.257,13.327,13.718,-0.391
T,04/19/2012,14.6625,13.425,1.2375,13.987,14.153,-0.166
W,04/18/2012,14.32,13.24,1.08,13.38,13.892,-0.512
T,04/17/2012,11.485,11.235,0.25,12.08,13.138,-1.058
M,04/16/2012,10.3175,10.995,-0.6775,11.945,13.138,-1.193
F,04/13/2012,10.575,10.608,-0.033,11.87,13.077,-1.207
T,04/12/2012,10.535,10.458,0.077,11.76,12.923,-1.163
W,04/11/2012,11.015,11.052,-0.037,11.962,13.097,-1.135
T,04/10/2012,11.59,11.512,0.078,12.347,13.2,-0.853
M,04/09/2012,10.0175,10.96,-0.9425,12.067,12.99,-0.923
F,04/06/2012,11.115,11.622,-0.507,12.542,13.41,-0.868
T,04/05/2012,10.5325,11.462,-0.9295,12.388,13.265,-0.877
W,04/04/2012,11,11.512,-0.512,12.442,13.265,-0.823
T,04/03/2012,11.085,11.74,-0.655,12.275,13.125,-0.85
M,04/02/2012,11.455,12.182,-0.727,12.835,13.413,-0.578
F,03/30/2012,11.9825,12.265,-0.2825,12.915,13.37,-0.455
T,03/29/2012,13.555,13.038,0.517,13.405,13.802,-0.397
W,03/28/2012,13.145,12.805,0.34,13.212,13.563,-0.351
T,03/27/2012,12.9725,12.653,0.3195,13.048,13.55,-0.502
M,03/26/2012,12.8475,12.97,-0.1225,13.405,13.735,-0.33
F,03/23/2012,12.82,13.04,-0.22,13.497,13.972,-0.475
T,03/22/2012,15.055,14.315,0.74,14.407,14.417,-0.01
W,03/21/2012,15.4,14.72,0.68,14.675,14.577,0.098
T,03/20/2012,16.2225,14.788,1.4345,14.74,14.77,-0.03
M,03/19/2012,14.47,14.08,0.39,14.183,14.28,-0.097
F,03/16/2012,14.94,13.708,1.232,13.842,14.093,-0.251
T,03/15/2012,15.5625,14.017,1.5455,13.935,14.128,-0.193
W,03/14/2012,16.7675,14.967,1.8005,14.885,15.077,-0.192
T,03/13/2012,17.745,15.302,2.443,15.262,15.468,-0.206
M,03/12/2012,17.29,15.92,1.37,15.952,16.022,-0.07
F,03/09/2012,14.425,13.805,0.62,14.315,14.427,-0.112
T,03/08/2012,15.3575,13.755,1.6025,14.208,14.888,-0.68
W,03/07/2012,15.96,14.253,1.707,14.24,14.775,-0.535
T,03/06/2012,13.6425,13.247,0.3955,13.442,14.192,-0.75
M,03/05/2012,11.9875,11.948,0.0395,12.372,13.523,-1.151
F,03/02/2012,11.585,11.685,-0.1,12.34,13.575,-1.235
T,03/01/2012,11.345,11.317,0.028,12.298,13.56,-1.262
W,02/29/2012,13.5325,12.298,1.2345,12.79,13.885,-1.095
T,02/28/2012,11.195,11.23,-0.035,12.24,13.625,-1.385
M,02/27/2012,10.875,11.59,-0.715,12.56,13.77,-1.21
F,02/24/2012,11.6125,11.475,0.1375,12.745,13.935,-1.19
T,02/23/2012,11.665,12.03,-0.365,13.025,14.205,-1.18
W,02/22/2012,11.895,11.87,0.025,12.915,14.275,-1.36
T,02/21/2012,10.8675,11.785,-0.9175,12.885,14.288,-1.403
M,02/20/2012,9.94,11.757,-1.817,13.09,14.33,-1.24
F,02/17/2012,10.28,11.843,-1.563,13.09,14.355,-1.265
T,02/16/2012,10.66,12.05,-1.39,13.295,14.525,-1.23
W,02/15/2012,10.13,11.65,-1.52,12.975,14.36,-1.385
T,02/14/2012,10.06,11.665,-1.605,13.095,14.505,-1.41
M,02/13/2012,10.225,11.465,-1.24,13.14,14.475,-1.335
F,02/10/2012,11.98,12.575,-0.595,13.85,15.055,-1.205
T,02/09/2012,12.3375,12.775,-0.4375,13.835,15.035,-1.2
W,02/08/2012,13.14,13.065,0.075,14.33,15.245,-0.915
T,02/07/2012,13.585,13.372,0.213,14.36,15.38,-1.02
M,02/06/2012,12.775,13.34,-0.565,14.435,15.455,-1.02
F,02/03/2012,13.33,13.1,0.23,14.41,15.487,-1.077
T,02/02/2012,12.885,13.295,-0.41,14.653,15.722,-1.069
W,02/01/2012,13.4775,13.36,0.1175,14.65,15.733,-1.083
T,01/31/2012,14.1425,13.663,0.4795,14.657,15.797,-1.14
M,01/30/2012,13.8,13.9,-0.1,14.765,15.795,-1.03
F,01/27/2012,14.0875,13.427,0.6605,14.68,15.827,-1.147
T,01/26/2012,13.89,13.432,0.458,14.66,15.755,-1.095
W,01/25/2012,13.8675,13.775,0.0925,14.655,15.775,-1.12
T,01/24/2012,13.6075,13.825,-0.2175,14.65,15.792,-1.142
M,01/23/2012,12.6425,13.68,-1.0375,14.625,15.612,-0.987
F,01/20/2012,13.7875,14.055,-0.2675,15.03,15.852,-0.822
T,01/19/2012,13.945,14.43,-0.485,15.483,16.245,-0.762
W,01/18/2012,15.185,15.467,-0.282,15.977,16.477,-0.5
T,01/17/2012,15.9175,15.975,-0.0575,16.34,16.888,-0.548
M,01/16/2012,15.395,15.935,-0.54,16.347,16.992,-0.645
F,01/13/2012,16.205,16.087,0.118,16.415,17.01,-0.595
T,01/12/2012,16.1075,15.993,0.1145,16.447,17.028,-0.581
W,01/11/2012,16.8,16.31,0.49,16.557,17.057,-0.5
T,01/10/2012,14.745,15.895,-1.15,16.715,17.323,-0.608
M,01/09/2012,14.75,16.217,-1.467,16.855,17.413,-0.558
F,01/06/2012,16.515,16.602,-0.087,17.332,17.88,-0.548
T,01/05/2012,15.9325,17.01,-1.0775,17.857,18.357,-0.5
W,01/04/2012,17.115,17.445,-0.33,17.912,18.372,-0.46
T,01/03/2012,15.525,17.185,-1.66,17.965,18.482,-0.517
M,01/02/2012,12.0175,16.992,-4.9745,18.442,18.66,-0.218
F,12/30/2011,12.0875,17.037,-4.9495,18.362,18.705,-0.343
T,12/29/2011,12.5575,17.275,-4.7175,18.438,18.655,-0.217
W,12/28/2011,14.34,17.337,-2.997,18.522,18.702,-0.18
T,12/27/2011,12.705,16.8,-4.095,18.232,18.795,-0.563
M,12/26/2011,13.7125,17.033,-3.3205,18.272,18.86,-0.588
F,12/23/2011,13.445,17.24,-3.795,18.357,18.917,-0.56
T,12/22/2011,15.2925,17.673,-2.3805,18.802,19.082,-0.28
W,12/21/2011,15.6525,17.822,-2.1695,18.827,19.175,-0.348
T,12/20/2011,16.885,18.355,-1.47,19.035,19.412,-0.377
M,12/19/2011,17.155,18.997,-1.842,19.357,19.79,-0.433
F,12/16/2011,18.1125,18.982,-0.8695,19.692,19.91,-0.218
T,12/15/2011,22.06,21.052,1.008,20.875,20.757,0.118
W,12/14/2011,24.515,21.92,2.595,21.417,21.217,0.2
T,12/13/2011,21.745,21.12,0.625,20.935,20.815,0.12
M,12/12/2011,21.1075,20.487,0.6205,20.267,20.15,0.117
F,12/09/2011,20.565,19.542,1.023,19.535,19.477,0.058
T,12/08/2011,20.645,18.982,1.663,19.132,19.243,-0.111
W,12/07/2011,18.85,18.087,0.763,18.417,18.74,-0.323
T,12/06/2011,18.8575,18.205,0.6525,18.515,18.802,-0.287
M,12/05/2011,18.345,18.482,-0.137,18.627,18.975,-0.348
F,12/02/2011,19.775,18.807,0.968,19.237,19.327,-0.09
T,12/01/2011,22.685,20.137,2.548,19.72,19.48,0.24
W,11/30/2011,22.2875,20.767,1.5205,20.095,19.847,0.248
T,11/29/2011,23.015,22.655,0.36,21.612,21.155,0.457
M,11/28/2011,23.6,23.615,-0.015,22.057,21.565,0.492
F,11/25/2011,26.43,24.24,2.19,23.197,22.442,0.755
T,11/24/2011,25.93,23.33,2.6,21.93,21.257,0.673
W,11/23/2011,24.1725,22.695,1.4775,21.972,21.535,0.437
T,11/22/2011,20.885,20.8,0.085,20.182,20.063,0.119
M,11/21/2011,21.64,20.997,0.643,20.135,19.87,0.265
F,11/18/2011,19.3975,19.18,0.2175,18.952,18.75,0.202
T,11/17/2011,19.7925,19.15,0.6425,19.167,19.005,0.162
W,11/16/2011,19.71,19.462,0.248,19.21,19.068,0.142
T,11/15/2011,19.875,19.66,0.215,19.457,19.292,0.165
M,11/14/2011,19.78,19.49,0.29,19.307,19.152,0.155
F,11/11/2011,19.835,19.408,0.427,19.26,19.102,0.158
T,11/10/2011,22.03,19.765,2.265,19.432,19.165,0.267
W,11/09/2011,21.84,20.3,1.54,19.64,19.407,0.233
T,11/08/2011,19.0925,19.057,0.0355,18.872,18.715,0.157
M,11/07/2011,21.61,20.575,1.035,19.967,19.56,0.407
F,11/04/2011,23.8475,20.622,3.2255,19.682,19.527,0.155
T,11/03/2011,25.395,21.322,4.073,20.307,20.007,0.3
W,11/02/2011,26.075,21.945,4.13,20.42,20.167,0.253
T,11/01/2011,24.94,21.915,3.025,20.695,20.43,0.265
M,10/31/2011,19.245,18.692,0.553,18.695,18.732,-0.037
F,10/28/2011,18.18,17.805,0.375,18.042,18.382,-0.34
T,10/27/2011,18.55,18.045,0.505,18.542,18.595,-0.053
W,10/26/2011,20.34,20.04,0.3,20.19,20.282,-0.092
T,10/25/2011,22.6,20.697,1.903,20.527,20.595,-0.068
M,10/24/2011,21.035,20.408,0.627,20.475,20.545,-0.07
F,10/21/2011,22.5475,21.792,0.7555,21.497,21.385,0.112
T,10/20/2011,25.1825,22.727,2.4555,22.267,21.995,0.272
W,10/19/2011,21.82,20.902,0.918,20.792,20.632,0.16
T,10/18/2011,20.4675,20.673,-0.2055,20.625,20.86,-0.235
M,10/17/2011,19.525,19.952,-0.427,19.93,20.02,-0.09
F,10/14/2011,19.845,19.372,0.473,19.512,19.785,-0.273
T,10/13/2011,22.055,20.712,1.343,20.775,20.925,-0.15
W,10/12/2011,22.665,20.757,1.908,20.612,20.827,-0.215
T,10/11/2011,21.185,21.125,0.06,21.115,21.175,-0.06
M,10/10/2011,20.5725,20.87,-0.2975,21.077,21.162,-0.085
F,10/07/2011,23.2625,22.105,1.1575,21.732,21.673,0.059
T,10/06/2011,23.9275,23.79,0.1375,23.067,22.93,0.137
W,10/05/2011,25.655,25.572,0.083,24.652,24.022,0.63
T,10/04/2011,30.555,28.14,2.415,26.197,25.292,0.905
M,10/03/2011,30.215,28.107,2.108,26.052,25.205,0.847
F,09/30/2011,31.3575,27.72,3.6375,25.052,24.28,0.772
T,09/29/2011,31.005,26.715,4.29,25.3,24.545,0.755
W,09/28/2011,27.945,26.06,1.885,24.557,23.67,0.887
T,09/27/2011,29.0025,26.212,2.7905,24.78,23.495,1.285
M,09/26/2011,31.7025,29.27,2.4325,26.42,24.26,2.16
F,09/23/2011,33.01,28.725,4.285,26.302,24.515,1.787
T,09/22/2011,37.86,31.31,6.55,27.63,24.845,2.785
W,09/21/2011,31.545,26.842,4.703,24.072,22.97,1.102
T,09/20/2011,22.8125,21.042,1.7705,19.925,19.565,0.36
M,09/19/2011,22.055,20.692,1.363,19.42,19.342,0.078
F,09/16/2011,18.4025,17.91,0.4925,17.962,17.892,0.07
T,09/15/2011,17.695,17.423,0.272,17.702,17.775,-0.073
W,09/14/2011,18.6075,18.212,0.3955,17.902,17.845,0.057
T,09/13/2011,17.575,17.64,-0.065,17.4,17.313,0.087
M,09/12/2011,18.1125,17.717,0.3955,17.355,17.265,0.09
F,09/09/2011,17.06,15.985,1.075,16.38,16.565,-0.185
T,09/08/2011,15.4325,15.44,-0.0075,15.827,16.02,-0.193
W,09/07/2011,16.075,16.125,-0.05,16.095,16.15,-0.055
T,09/06/2011,16.145,16.36,-0.215,16.18,16.263,-0.083
M,09/05/2011,15.665,16.025,-0.36,15.845,15.965,-0.12
F,09/02/2011,15.205,15.38,-0.175,15.61,15.792,-0.182
T,09/01/2011,14.1925,14.357,-0.1645,14.785,15.285,-0.5
W,08/31/2011,13.555,13.97,-0.415,14.467,15.077,-0.61
T,08/30/2011,13.73,14.207,-0.477,14.637,15.2,-0.563
M,08/29/2011,13.835,14.185,-0.35,14.68,15.182,-0.502
F,08/26/2011,14.78,14.563,0.217,14.802,15.438,-0.636
T,08/25/2011,16.545,15.485,1.06,15.68,15.875,-0.195
W,08/24/2011,16.0425,15.332,0.7105,15.387,15.74,-0.353
T,08/23/2011,15.4825,14.887,0.5955,15.02,15.41,-0.39
M,08/22/2011,14.77,14.62,0.15,14.86,15.235,-0.375
F,08/19/2011,15.77,14.762,1.008,14.932,15.35,-0.418
T,08/18/2011,16.2275,15.342,0.8855,15.177,15.358,-0.181
W,08/17/2011,13.6925,13.862,-0.1695,14.217,14.605,-0.388
T,08/16/2011,15.08,15.12,-0.04,15.112,15.275,-0.163
M,08/15/2011,15.0125,15.32,-0.3075,15.315,15.365,-0.05
F,08/12/2011,17.0525,16.267,0.7855,15.862,15.665,0.197
T,08/11/2011,20.7475,18.167,2.5805,17.112,16.712,0.4
W,08/10/2011,18.56,17.52,1.04,16.72,16.417,0.303
T,08/09/2011,20.2325,17.372,2.8605,16.142,16.002,0.14
M,08/08/2011,17.085,15.175,1.91,14.787,14.837,-0.05
F,08/05/2011,14.0825,13.132,0.9505,13.095,13.585,-0.49
T,08/04/2011,14.1,12.92,1.18,12.977,13.368,-0.391
W,08/03/2011,13.075,12.288,0.787,12.378,12.9,-0.522
T,08/02/2011,12.865,12.34,0.525,12.405,12.935,-0.53
M,08/01/2011,12.62,12.075,0.545,12.257,12.832,-0.575
F,07/29/2011,12.2475,11.938,0.3095,12.045,12.858,-0.813
T,07/28/2011,12.47,11.95,0.52,12.237,12.79,-0.553
W,07/27/2011,11.98,12.135,-0.155,12.002,12.343,-0.341
T,07/26/2011,9.82,10.23,-0.41,10.932,12.09,-1.158
M,07/25/2011,9.59,10.067,-0.477,10.875,12.105,-1.23
F,07/22/2011,9.2875,9.923,-0.6355,10.875,12.145,-1.27
T,07/21/2011,9.45,9.903,-0.453,10.948,12.163,-1.215
W,07/20/2011,9.13,9.977,-0.847,11,12.195,-1.195
T,07/19/2011,9.6,10.238,-0.638,11.128,12.313,-1.185
M,07/18/2011,10.14,10.753,-0.613,11.4,12.427,-1.027
F,07/15/2011,10.195,10.7,-0.505,11.47,12.483,-1.013
T,07/14/2011,10.79,10.907,-0.117,11.593,12.515,-0.922
W,07/13/2011,10.98,11.205,-0.225,11.68,12.575,-0.895
T,07/12/2011,11.435,11.358,0.077,11.817,12.648,-0.831
M,07/11/2011,10.975,10.95,0.025,11.445,12.52,-1.075
F,07/08/2011,9.54,10.083,-0.543,10.98,12.227,-1.247
T,07/07/2011,9.5875,9.988,-0.4005,10.972,12.113,-1.141
W,07/06/2011,9.515,10.118,-0.603,11.028,12.265,-1.237
T,07/05/2011,9.51,10.128,-0.618,10.972,12.182,-1.21
M,07/04/2011,9.415,9.975,-0.56,10.98,12.215,-1.235
F,07/01/2011,9.25,9.827,-0.577,10.927,12.19,-1.263
T,06/30/2011,9.965,10.198,-0.233,11.14,12.352,-1.212
W,06/29/2011,9.9925,10.69,-0.6975,11.528,12.55,-1.022
T,06/28/2011,10.29,10.887,-0.597,11.735,12.677,-0.942
M,06/27/2011,10.8375,11.375,-0.5375,11.948,12.813,-0.865
F,06/24/2011,10.935,11.167,-0.232,11.95,12.788,-0.838
T,06/23/2011,10.955,11.128,-0.173,11.913,12.773,-0.86
W,06/22/2011,10.155,10.67,-0.515,11.573,12.538,-0.965
T,06/21/2011,10.075,11.115,-1.04,11.743,12.653,-0.91
M,06/20/2011,11.15,11.45,-0.3,12.145,13.023,-0.878
F,06/17/2011,11.385,11.413,-0.028,12.115,12.972,-0.857
T,06/16/2011,12.23,11.9,0.33,12.368,13.13,-0.762
W,06/15/2011,11.4775,11.177,0.3005,11.843,12.81,-0.967
T,06/14/2011,9.9275,10.493,-0.5655,11.352,12.493,-1.141
M,06/13/2011,10.11,10.718,-0.608,11.517,12.673,-1.156
F,06/10/2011,10.365,10.368,-0.003,11.44,12.622,-1.182
T,06/09/2011,10.1,10.16,-0.06,11.385,12.568,-1.183
W,06/08/2011,10.06,10.352,-0.292,11.375,12.517,-1.142
T,06/07/2011,9.825,10.233,-0.408,11.31,12.488,-1.178
M,06/06/2011,9.995,10.507,-0.512,11.465,12.563,-1.098
F,06/03/2011,10.155,10.382,-0.227,11.445,12.548,-1.103
T,06/02/2011,10.845,10.767,0.078,11.65,12.675,-1.025
W,06/01/2011,10.69,10.952,-0.262,11.763,12.727,-0.964
T,05/31/2011,10.285,10.878,-0.593,11.805,12.8,-0.995
M,05/30/2011,11.035,11.642,-0.607,12.343,13.205,-0.862
F,05/27/2011,11.16,11.738,-0.578,12.538,13.298,-0.76
T,05/26/2011,11.245,12.017,-0.772,12.567,13.355,-0.788
W,05/25/2011,12.4475,12.595,-0.1475,12.852,13.52,-0.668
T,05/24/2011,11.74,12.443,-0.703,12.835,13.465,-0.63
M,05/23/2011,12.695,13.028,-0.333,13.125,13.642,-0.517
F,05/20/2011,12.2175,12.09,0.1275,12.625,13.333,-0.708
T,05/19/2011,12.285,12.38,-0.095,12.808,13.358,-0.55
W,05/18/2011,12.8025,12.765,0.0375,12.878,13.283,-0.405
T,05/17/2011,13.4425,13.128,0.3145,13.173,13.42,-0.247
M,05/16/2011,13.44,13.148,0.292,13.067,13.283,-0.216
F,05/13/2011,13.365,12.847,0.518,12.868,13.145,-0.277
T,05/12/2011,12.685,12.5,0.185,12.615,13.03,-0.415
W,05/11/2011,12.095,12.122,-0.027,12.365,12.792,-0.427
T,05/10/2011,12.27,12.355,-0.085,12.49,12.88,-0.39
M,05/09/2011,12.965,12.827,0.138,12.743,12.98,-0.237
F,05/06/2011,13.465,12.753,0.712,12.727,13.115,-0.388
T,05/05/2011,15.2125,13.298,1.9145,13.165,13.247,-0.082
W,05/04/2011,12.4325,12.372,0.0605,12.385,12.67,-0.285
T,05/03/2011,11.995,11.825,0.17,11.885,12.318,-0.433
M,05/02/2011,11.13,11.257,-0.127,11.538,12.08,-0.542
F,04/29/2011,11.775,11.597,0.178,11.625,12.198,-0.573
T,04/28/2011,12.03,11.51,0.52,11.675,12.208,-0.533
W,04/27/2011,11.07,10.878,0.192,11.045,11.878,-0.833
T,04/26/2011,10.545,10.665,-0.12,10.93,11.773,-0.843
M,04/25/2011,10.385,10.693,-0.308,10.83,11.783,-0.953
F,04/22/2011,9.815,10.33,-0.515,10.702,11.73,-1.028
T,04/21/2011,10.085,10.387,-0.302,10.733,11.738,-1.005
,,,,,,,
