,Date,USDBRLH1W,USDBRLH1M,Spread,USDBRLH3M,USDBRLH6M,Spread
T,04/21/2016,25.5668,22.69,2.8764,22.627,20.108,2.519
W,04/20/2016,25.7489,24.857,0.8914,22.815,20.133,2.682
T,04/19/2016,25.8097,25.137,0.6725,22.876,20.167,2.71
M,04/18/2016,19.8652,23.818,-3.9527,22.416,19.942,2.475
F,04/15/2016,22.5482,22.426,0.1225,21.95,19.692,2.258
T,04/14/2016,28.3041,24.43,3.8743,21.89,19.634,2.256
W,04/13/2016,29.5933,24.484,5.109,21.888,20.152,1.737
T,04/12/2016,30.4369,26.395,4.0416,21.891,20.153,1.738
M,04/11/2016,32.5439,27.482,5.0615,21.924,20.376,1.548
F,04/08/2016,29.5845,26.039,3.5452,21.283,20.566,0.717
T,04/07/2016,23.294,24.892,-1.5977,20.566,20.183,0.383
W,04/06/2016,21.5636,25.383,-3.8197,20.435,20.115,0.32
T,04/05/2016,21.2492,25.255,-4.0056,20.348,20.416,-0.068
M,04/04/2016,17.9878,24.725,-6.7376,20.159,20.33,-0.171
F,04/01/2016,15.2372,24.042,-8.8049,20.167,20.259,-0.092
T,03/31/2016,12.7585,25.208,-12.4493,20.034,20.206,-0.172
W,03/30/2016,12.5946,25.366,-12.7716,20.022,20.388,-0.366
T,03/29/2016,23.4529,26.393,-2.9402,20.532,20.467,0.065
M,03/28/2016,24.5833,26.437,-1.8539,20.525,20.869,-0.344
F,03/25/2016,22.2679,26.173,-3.905,20.801,20.826,-0.025
T,03/24/2016,22.2779,26.174,-3.896,20.801,21.322,-0.521
W,03/23/2016,31.5895,26.164,5.4257,20.798,21.371,-0.573
T,03/22/2016,24.2007,24.137,0.0634,20.128,22.606,-2.478
M,03/21/2016,30.6338,24.76,5.8737,20.047,22.977,-2.929
F,03/18/2016,34.412,24.758,9.6539,20.105,23.093,-2.988
T,03/17/2016,35.2701,25.026,10.2438,20.775,23.138,-2.363
W,03/16/2016,29.9465,23.715,6.2313,19.822,22.773,-2.952
T,03/15/2016,32.6199,24.269,8.3505,19.791,22.893,-3.102
M,03/14/2016,26.0576,22.155,3.903,18.974,22.572,-3.598
F,03/11/2016,21.3205,20.803,0.5176,18.469,22.427,-3.958
T,03/10/2016,21.3342,21.283,0.0511,18.609,22.468,-3.859
W,03/09/2016,24.681,20.516,4.1654,18.578,22.346,-3.768
T,03/08/2016,21.479,19.395,2.0839,18.347,22.331,-3.984
M,03/07/2016,26.4284,19.226,7.2027,18.35,22.358,-4.008
F,03/04/2016,26.2945,19.134,7.1607,18.32,22.355,-4.035
T,03/03/2016,26.1066,18.763,7.344,18.195,22.302,-4.108
W,03/02/2016,19.2677,18.608,0.6596,17.97,22.368,-4.398
T,03/01/2016,18.2,18.501,-0.3008,17.923,22.348,-4.425
M,02/29/2016,8.4431,17.058,-8.6152,17.356,22.242,-4.886
F,02/26/2016,15.6112,18.011,-2.4,17.364,22.436,-5.072
T,02/25/2016,13.9008,17.967,-4.0665,18.081,22.445,-4.364
W,02/24/2016,15.7965,18.594,-2.7976,18.081,22.471,-4.391
T,02/23/2016,22.0213,18.885,3.1363,18.228,22.535,-4.307
M,02/22/2016,24.7494,18.86,5.8895,18.304,22.546,-4.241
F,02/19/2016,20.6165,18.426,2.1908,17.968,22.532,-4.564
T,02/18/2016,20.6717,19.128,1.5436,17.981,22.631,-4.651
W,02/17/2016,22.7139,19.007,3.7072,18.045,22.644,-4.598
T,02/16/2016,17.3893,17.48,-0.091,17.677,22.483,-4.805
M,02/15/2016,13.0445,16.569,-3.5244,17.396,22.39,-4.994
F,02/12/2016,13.0373,17.1,-4.0623,17.463,22.396,-4.933
T,02/11/2016,13.2138,17.139,-3.9249,17.928,22.393,-4.465
W,02/10/2016,5.5871,16.139,-10.5515,17.618,22.315,-4.697
T,02/09/2016,17.1965,16.123,1.0737,17.583,22.35,-4.766
M,02/08/2016,17.8608,16.302,1.5586,17.766,22.351,-4.585
F,02/05/2016,19.1874,16.391,2.7967,17.828,22.402,-4.574
T,02/04/2016,22.7215,16.439,6.2821,17.818,22.576,-4.757
W,02/03/2016,23.6406,16.491,7.1494,17.847,22.603,-4.755
T,02/02/2016,19.2112,14.555,4.6562,17.288,22.448,-5.16
M,02/01/2016,19.7879,15.971,3.8168,17.806,22.435,-4.629
F,01/29/2016,18.5222,15.6,2.9217,17.7,22.408,-4.708
T,01/28/2016,17.5257,14.364,3.1617,17.36,22.307,-4.946
W,01/27/2016,19.341,16.421,2.9203,17.523,22.366,-4.843
T,01/26/2016,17.7393,15.718,2.0218,17.344,22.348,-5.004
M,01/25/2016,16.444,17.25,-0.8057,17.266,22.336,-5.07
F,01/22/2016,16.4811,17.245,-0.7641,17.311,22.337,-5.026
T,01/21/2016,15.0722,16.401,-1.3291,17.102,22.236,-5.134
W,01/20/2016,11.1489,16.144,-4.9949,16.931,22.332,-5.401
T,01/19/2016,9.6201,16.001,-6.3811,16.936,22.465,-5.529
M,01/18/2016,10.5254,16.22,-5.6942,16.969,22.584,-5.615
F,01/15/2016,11.5479,18.641,-7.0927,17.079,22.61,-5.531
T,01/14/2016,8.382,18.16,-9.7779,18.096,22.549,-4.453
W,01/13/2016,8.7167,18.136,-9.419,18.09,22.587,-4.497
T,01/12/2016,8.9185,18.105,-9.1869,18.57,22.594,-4.024
M,01/11/2016,9.6809,17.981,-8.3002,19.706,22.577,-2.872
F,01/08/2016,16.5568,18.652,-2.095,19.658,22.559,-2.901
T,01/07/2016,16.186,19.461,-3.2746,19.659,22.583,-2.924
W,01/06/2016,15.7407,19.843,-4.1019,20.343,22.726,-2.382
T,01/05/2016,23.4339,19.961,3.4733,20.408,22.728,-2.32
M,01/04/2016,22.7351,19.806,2.9294,20.58,22.806,-2.225
F,01/01/2016,23.8737,18.543,5.3309,20.221,22.732,-2.511
T,12/31/2015,23.8737,19.816,4.0582,20.593,22.733,-2.14
W,12/30/2015,23.8827,19.922,3.9606,20.824,22.794,-1.97
T,12/29/2015,18.3356,18.003,0.333,21.052,22.653,-1.601
M,12/28/2015,18.7741,18.116,0.6585,21.164,22.747,-1.583
F,12/25/2015,11.2074,18.912,-7.7043,21.669,22.535,-0.866
T,12/24/2015,21.9533,18.912,3.0416,21.769,22.542,-0.773
W,12/23/2015,21.9647,19.341,2.6235,24.798,22.542,2.256
T,12/22/2015,20.2752,19.123,1.1518,25.441,22.517,2.924
M,12/21/2015,19.849,19.193,0.6565,25.624,22.524,3.1
F,12/18/2015,19.074,19.04,0.034,25.657,22.498,3.159
T,12/17/2015,11.6234,17.274,-5.6504,25.228,22.203,3.025
W,12/16/2015,16.6066,17.707,-1.1002,25.471,22.268,3.203
T,12/15/2015,18.6616,17.7,0.9611,25.518,22.265,3.253
M,12/14/2015,19.394,17.899,1.4946,25.636,22.315,3.321
F,12/11/2015,19.5775,19.282,0.2953,25.795,22.383,3.411
T,12/10/2015,16.0348,18.489,-2.4545,25.628,22.275,3.353
W,12/09/2015,17.9037,17.595,0.3082,25.671,22.194,3.477
T,12/08/2015,16.157,17.641,-1.4843,25.643,22.162,3.481
M,12/07/2015,15.3933,17.641,-2.2478,25.629,22.156,3.472
F,12/04/2015,15.7388,17.606,-1.8674,25.617,22.16,3.456
T,12/03/2015,25.0595,17.7,7.3596,26.189,22.205,3.984
W,12/02/2015,20.5656,16.487,4.0782,25.909,22.029,3.881
T,12/01/2015,21.7847,18.149,3.6355,26.095,22.013,4.082
M,11/30/2015,22.6045,18.119,4.4856,26.438,22.009,4.428
F,11/27/2015,22.83,18.002,4.8281,26.5,22.053,4.447
T,11/26/2015,12.0853,16.166,-4.0802,25.986,21.72,4.266
W,11/25/2015,15.2651,16.277,-1.0122,26.095,21.732,4.363
T,11/24/2015,15.1043,15.842,-0.7379,26.017,21.692,4.326
M,11/23/2015,13.8205,15.692,-1.8714,26.21,21.662,4.548
F,11/20/2015,13.8754,15.67,-1.7941,26.338,21.784,4.553
T,11/19/2015,20.07,15.891,4.1794,26.431,21.779,4.652
W,11/18/2015,17.8237,15.529,2.2946,26.375,21.851,4.524
T,11/17/2015,16.1019,15.152,0.9497,26.316,21.859,4.457
M,11/16/2015,18.425,15.515,2.9103,26.321,21.921,4.4
F,11/13/2015,18.3729,19.029,-0.6564,26.277,21.952,4.325
T,11/12/2015,11.1176,17.657,-6.539,26.038,21.762,4.276
W,11/11/2015,11.7097,19.161,-7.451,26.127,21.761,4.366
T,11/10/2015,12.7249,22.47,-9.7448,26.121,21.86,4.261
M,11/09/2015,18.3681,22.02,-3.6516,26.084,21.804,4.28
F,11/06/2015,17.5706,21.934,-4.3637,26.348,21.862,4.486
T,11/05/2015,17.5184,23.844,-6.3253,26.393,22.238,4.155
W,11/04/2015,20.242,23.982,-3.7396,26.525,22.359,4.166
T,11/03/2015,19.8503,24.449,-4.5983,26.492,22.337,4.156
M,11/02/2015,12.0507,23.224,-11.1733,26.138,22.133,4.005
F,10/30/2015,12.8964,24.213,-11.3168,26.196,22.173,4.023
T,10/29/2015,13.8336,24.813,-10.9798,26.359,22.443,3.916
W,10/28/2015,10.4419,26.288,-15.8457,26.297,22.341,3.956
T,10/27/2015,11.5355,26.502,-14.9667,26.321,22.471,3.85
M,10/26/2015,11.7609,28.778,-17.0175,26.308,22.486,3.823
F,10/23/2015,12.9526,28.924,-15.9713,26.283,22.493,3.79
T,10/22/2015,26.1184,35.595,-9.4769,26.568,22.531,4.037
W,10/21/2015,25.5273,37.103,-11.5759,26.792,22.519,4.273
T,10/20/2015,29.0998,37.423,-8.3235,26.935,22.566,4.369
M,10/19/2015,37.6233,37.542,0.0811,26.959,22.576,4.383
F,10/16/2015,36.9455,37.611,-0.6653,26.892,22.533,4.359
T,10/15/2015,28.9371,36.391,-7.4541,26.186,22.066,4.119
W,10/14/2015,34.6703,36.491,-1.8203,26.198,22.082,4.116
T,10/13/2015,31.7908,35.98,-4.1889,25.852,21.878,3.974
M,10/12/2015,23.4923,34.364,-10.8716,24.97,21.417,3.554
F,10/09/2015,23.7957,34.419,-10.6236,25.033,21.578,3.455
T,10/08/2015,27.3935,34.961,-7.567,25.29,21.667,3.623
W,10/07/2015,22.4732,33.882,-11.409,24.738,21.35,3.388
T,10/06/2015,29.9434,33.799,-3.8555,24.866,21.314,3.552
M,10/05/2015,28.8699,33.352,-4.4825,24.855,21.525,3.33
F,10/02/2015,36.856,34.656,2.2,24.834,21.513,3.32
T,10/01/2015,34.8948,34.028,0.8665,24.64,21.337,3.303
W,09/30/2015,54.1011,34.093,20.0079,24.671,21.223,3.448
T,09/29/2015,54.6679,33.402,21.2661,24.162,20.917,3.246
M,09/28/2015,55.3647,33.398,21.967,24.078,20.908,3.17
F,09/25/2015,50.7884,31.534,19.2547,23.214,20.45,2.765
T,09/24/2015,50.9438,31.6,19.3442,23.121,20.415,2.706
W,09/23/2015,30.3777,23.789,6.5886,19.93,18.816,1.114
T,09/22/2015,21.501,22.107,-0.6061,19,18.318,0.682
M,09/21/2015,20.0445,21.981,-1.937,18.717,18.389,0.329
F,09/18/2015,21.3454,22.075,-0.7299,18.641,18.335,0.305
T,09/17/2015,19.9862,21.945,-1.9586,18.648,18.766,-0.119
W,09/16/2015,20.2146,21.189,-0.9743,18.314,18.801,-0.488
T,09/15/2015,20.762,21.028,-0.2656,18.361,19.103,-0.742
M,09/14/2015,19.2746,20.577,-1.3025,18.363,19.067,-0.703
F,09/11/2015,16.2547,20.269,-4.0139,18.143,18.959,-0.816
T,09/10/2015,25.198,20.541,4.6575,18.212,18.943,-0.731
W,09/09/2015,21.9155,19.538,2.3779,17.934,19.126,-1.192
T,09/08/2015,23.7761,19.54,4.2358,17.858,19.15,-1.292
M,09/07/2015,28.0097,20.663,7.347,17.843,19.161,-1.318
F,09/04/2015,29.0889,20.854,8.2349,17.956,19.185,-1.229
T,09/03/2015,22.1439,19.187,2.9569,17.117,18.995,-1.878
W,09/02/2015,23.4133,19.141,4.2726,17.081,19.176,-2.094
T,09/01/2015,20.541,18.34,2.2009,16.756,19.073,-2.317
M,08/31/2015,18.8506,16.998,1.8531,16.361,18.955,-2.594
F,08/28/2015,20.2464,17.349,2.8978,16.229,18.968,-2.739
T,08/27/2015,21.2094,17.655,3.5544,16.188,19.045,-2.857
W,08/26/2015,20.5923,17.369,3.2238,16.069,19.15,-3.08
T,08/25/2015,20.7751,17.267,3.5086,16.049,19.203,-3.154
M,08/24/2015,16.3318,16.064,0.2676,16.034,19.145,-3.112
F,08/21/2015,12.2787,16.83,-4.5511,15.754,19.166,-3.411
T,08/20/2015,11.5893,17.66,-6.071,15.99,19.101,-3.111
W,08/19/2015,12.2016,18.264,-6.0624,16.051,19.053,-3.002
T,08/18/2015,11.2326,18.318,-7.0854,16.17,19.08,-2.91
M,08/17/2015,13.3284,18.297,-4.9681,16.307,19.073,-2.767
F,08/14/2015,19.6556,18.636,1.0194,16.313,19.073,-2.76
T,08/13/2015,19.1136,18.375,0.7385,16.186,19.018,-2.831
W,08/12/2015,20.2258,17.965,2.2609,16.315,18.965,-2.65
T,08/11/2015,20.3915,17.97,2.4214,16.36,19.11,-2.75
M,08/10/2015,19.3484,17.852,1.4964,16.443,19.13,-2.686
F,08/07/2015,14.3111,17.664,-3.3527,16.953,19.197,-2.244
T,08/06/2015,16.8437,17.514,-0.6704,17.227,19.169,-1.941
W,08/05/2015,15.9157,17.645,-1.729,17,19.141,-2.141
T,08/04/2015,16.6266,18.371,-1.7442,17.039,19.133,-2.093
M,08/03/2015,16.1674,18.263,-2.0957,17.104,19.275,-2.172
F,07/31/2015,15.0248,18.478,-3.4531,17.705,19.311,-1.606
T,07/30/2015,18.3154,18.686,-0.3703,17.461,19.342,-1.881
W,07/29/2015,21.2277,18.911,2.3165,17.657,19.677,-2.021
T,07/28/2015,23.6231,18.776,4.8473,17.648,19.72,-2.072
M,07/27/2015,24.2642,18.813,5.4516,17.708,19.72,-2.011
F,07/24/2015,24.2668,18.791,5.476,17.851,19.738,-1.886
T,07/23/2015,20.49,17.652,2.8378,17.415,19.522,-2.107
W,07/22/2015,15.5722,16.499,-0.9267,17.199,19.346,-2.147
T,07/21/2015,10.1677,15.471,-5.3031,16.949,19.331,-2.382
M,07/20/2015,8.5524,15.342,-6.7893,16.875,19.3,-2.425
F,07/17/2015,10.4956,15.888,-5.3923,16.874,19.405,-2.531
T,07/16/2015,15.4302,15.494,-0.0639,16.806,19.422,-2.617
W,07/15/2015,15.3477,15.832,-0.4841,16.782,19.423,-2.641
T,07/14/2015,19.0049,16.424,2.5811,16.94,19.452,-2.512
M,07/13/2015,21.8397,16.425,5.4146,17.336,19.469,-2.132
F,07/10/2015,20.8975,16.481,4.417,17.494,19.498,-2.005
T,07/09/2015,18.1214,15.431,2.69,17.132,19.366,-2.234
W,07/08/2015,21.4903,15.519,5.9712,17.115,19.437,-2.321
T,07/07/2015,21.1607,14.625,6.5354,17.632,19.354,-1.722
M,07/06/2015,18.4292,14.078,4.3511,17.374,19.236,-1.862
F,07/03/2015,18.6267,14.111,4.5161,17.377,19.296,-1.919
T,07/02/2015,16.5749,13.485,3.0899,17.215,19.294,-2.079
W,07/01/2015,13.3311,12.142,1.189,17.118,19.314,-2.195
T,06/30/2015,9.5833,11.714,-2.1305,16.988,19.201,-2.214
M,06/29/2015,9.0922,11.665,-2.5732,17.077,19.191,-2.113
F,06/26/2015,9.532,11.723,-2.1908,17.105,19.408,-2.303
T,06/25/2015,12.8862,11.963,0.9232,17.581,19.487,-1.906
W,06/24/2015,10.9277,11.565,-0.6373,17.519,19.49,-1.972
T,06/23/2015,12.3249,12.926,-0.6015,17.911,19.465,-1.553
M,06/22/2015,15.2005,12.924,2.2763,17.915,19.471,-1.556
F,06/19/2015,14.7545,14.254,0.5005,18.894,19.585,-0.691
T,06/18/2015,13.8108,14.237,-0.4261,19.137,19.512,-0.375
W,06/17/2015,15.1639,14.837,0.3272,19.788,19.513,0.276
T,06/16/2015,13.9424,14.892,-0.9492,19.759,19.61,0.149
M,06/15/2015,11.2536,14.26,-3.0067,19.605,19.624,-0.019
F,06/12/2015,13.2775,14.245,-0.9674,19.601,19.744,-0.143
T,06/11/2015,11.4985,14.804,-3.3055,20.186,19.814,0.372
W,06/10/2015,9.5914,14.649,-5.0579,20.264,19.776,0.488
T,06/09/2015,8.3363,15.219,-6.8828,20.279,19.836,0.443
M,06/08/2015,11.2114,18.197,-6.9853,20.299,19.862,0.437
F,06/05/2015,8.8748,18.856,-9.9814,20.578,19.814,0.763
T,06/04/2015,9.3739,18.86,-9.4863,20.928,19.819,1.109
W,06/03/2015,10.5857,19.024,-8.4388,21.005,19.819,1.186
T,06/02/2015,10.9662,19.308,-8.3415,21.229,19.931,1.298
M,06/01/2015,14.7421,20.751,-6.0086,21.238,19.883,1.355
F,05/29/2015,14.5834,20.723,-6.1392,21.421,19.887,1.533
T,05/28/2015,19.1579,21.578,-2.4199,21.712,19.879,1.833
W,05/27/2015,20.4027,21.597,-1.1939,21.793,19.953,1.84
T,05/26/2015,21.959,21.715,0.244,21.98,20.015,1.965
M,05/25/2015,19.5323,21.183,-1.6504,21.928,19.931,1.997
F,05/22/2015,19.5856,21.301,-1.715,21.94,19.954,1.986
T,05/21/2015,14.7172,20.883,-6.1659,21.643,19.884,1.759
W,05/20/2015,16.1215,20.624,-4.5028,21.604,20.075,1.529
T,05/19/2015,14.3786,20.191,-5.8125,21.473,20.006,1.466
M,05/18/2015,15.3557,19.825,-4.4698,21.356,19.954,1.402
F,05/15/2015,25.7537,19.945,5.8087,21.351,19.972,1.379
T,05/14/2015,28.5898,19.959,8.6307,21.368,19.976,1.392
W,05/13/2015,26.5657,19.675,6.8908,21.417,19.865,1.553
T,05/12/2015,26.6604,20.609,6.0513,21.52,19.94,1.58
M,05/11/2015,25.7371,20.713,5.0239,21.842,19.849,1.993
F,05/08/2015,23.3126,18.19,5.1225,21.08,19.432,1.648
T,05/07/2015,19.7234,17.171,2.5527,20.94,19.288,1.652
W,05/06/2015,23.4395,19.471,3.9683,20.932,19.289,1.643
T,05/05/2015,23.4709,19.316,4.1546,21.174,19.368,1.806
M,05/04/2015,23.131,19.044,4.0874,21.228,19.324,1.904
F,05/01/2015,17.1293,16.985,0.1439,20.92,19.016,1.904
T,04/30/2015,17.7396,17.678,0.0613,21.666,19.097,2.569
W,04/29/2015,15.5931,16.908,-1.3149,21.505,19.305,2.2
T,04/28/2015,15.6156,17.065,-1.4492,21.458,19.437,2.021
M,04/27/2015,14.6275,16.997,-2.3698,21.444,19.502,1.942
F,04/24/2015,12.1555,17.986,-5.8303,21.325,19.566,1.759
T,04/23/2015,12.1967,17.967,-5.77,21.313,19.814,1.498
W,04/22/2015,7.6211,18.698,-11.0768,21.367,19.92,1.447
T,04/21/2015,9.9603,18.535,-8.5751,21.319,19.934,1.385
M,04/20/2015,16.6849,21.423,-4.7386,21.514,19.956,1.558
F,04/17/2015,19.6705,22.464,-2.7932,21.633,19.969,1.664
T,04/16/2015,19.5494,24.04,-4.4908,21.618,19.996,1.622
W,04/15/2015,19.559,24.237,-4.6781,21.664,20.112,1.552
T,04/14/2015,25.928,23.9,2.0275,21.574,20.063,1.511
M,04/13/2015,22.2255,22.994,-0.7683,21.381,20.172,1.208
F,04/10/2015,19.5861,24.198,-4.6122,21.266,20.067,1.199
T,04/09/2015,19.1181,24.508,-5.3904,21.38,20.065,1.315
W,04/08/2015,21.5245,24.639,-3.1147,21.451,20.072,1.379
T,04/07/2015,12.5606,22.958,-10.397,20.798,19.757,1.04
M,04/06/2015,14.3827,23.97,-9.587,20.907,19.81,1.097
F,04/03/2015,15.0099,24.904,-9.8937,21.034,19.863,1.172
T,04/02/2015,20.9842,25.104,-4.1197,21.332,20.058,1.274
W,04/01/2015,18.9176,25.205,-6.2876,21.148,19.996,1.152
T,03/31/2015,22.6013,25.3,-2.6988,21.05,19.952,1.098
M,03/30/2015,21.5343,25.566,-4.0313,21.366,20.041,1.325
F,03/27/2015,30.4664,26.286,4.18,21.473,20.022,1.451
T,03/26/2015,30.1415,25.62,4.5213,21.177,19.875,1.302
W,03/25/2015,34.9326,26.061,8.8712,21.142,19.86,1.282
T,03/24/2015,32.5107,25.738,6.773,20.778,19.829,0.949
M,03/23/2015,32.4875,25.758,6.7292,21.013,19.898,1.115
F,03/20/2015,23.9026,23.412,0.491,20.109,19.445,0.664
T,03/19/2015,26.9604,22.667,4.2937,19.736,19.317,0.419
W,03/18/2015,21.8556,20.863,0.9931,19.393,18.983,0.41
T,03/17/2015,21.5659,20.614,0.9514,19.495,18.945,0.549
M,03/16/2015,22.0613,20.606,1.4548,19.736,19.007,0.729
F,03/13/2015,26.2005,20.663,5.537,19.967,19.013,0.954
T,03/12/2015,23.0018,19.437,3.5649,19.283,18.652,0.631
W,03/11/2015,22.1266,19.417,2.7097,19.287,18.757,0.53
T,03/10/2015,24.1204,20.865,3.2558,19.303,18.725,0.578
M,03/09/2015,25.1503,20.763,4.3874,19.265,18.711,0.554
F,03/06/2015,23.2141,20.054,3.1602,18.88,18.541,0.339
T,03/05/2015,22.8607,18.873,3.9874,18.482,18.392,0.09
W,03/04/2015,23.4587,19.596,3.8631,18.633,18.348,0.285
T,03/03/2015,23.2865,19.304,3.9824,18.418,18.222,0.195
M,03/02/2015,24.5891,19.725,4.8645,18.284,18.148,0.135
F,02/27/2015,22.4776,21.498,0.98,18.069,18.035,0.034
T,02/26/2015,18.1146,20.926,-2.8113,17.905,17.854,0.051
W,02/25/2015,17.5935,20.532,-2.9388,17.908,17.78,0.129
T,02/24/2015,13.9884,19.989,-6.0004,17.832,17.702,0.13
M,02/23/2015,7.718,19.183,-11.4647,17.59,17.555,0.035
F,02/20/2015,7.2265,19.23,-12.0032,17.783,17.607,0.176
T,02/19/2015,7.912,19.983,-12.0708,18.358,17.616,0.742
W,02/18/2015,12.4783,19.687,-7.2083,18.258,17.571,0.687
T,02/17/2015,15.2676,20.326,-5.058,18.278,17.585,0.694
M,02/16/2015,22.5534,20.735,1.8189,18.325,17.591,0.733
F,02/13/2015,22.6691,20.817,1.8524,18.334,17.601,0.733
T,02/12/2015,24.1294,20.922,3.2071,18.317,17.59,0.727
W,02/11/2015,20.9381,20.199,0.7393,18.221,17.446,0.775
T,02/10/2015,22.7788,20.155,2.6239,18.056,17.368,0.688
M,02/09/2015,17.8472,18.766,-0.919,17.478,17.063,0.414
F,02/06/2015,21.3533,19.243,2.1098,17.49,17.058,0.432
T,02/05/2015,28.1219,19.021,9.1011,17.329,16.975,0.354
W,02/04/2015,29.423,19.021,10.4023,17.56,16.99,0.569
T,02/03/2015,26.6116,18.394,8.2176,17.213,16.85,0.362
M,02/02/2015,25.5981,18.368,7.2304,17.059,16.767,0.292
F,01/30/2015,22.7174,18.504,4.2131,16.917,16.66,0.257
T,01/29/2015,10.8308,15.618,-4.7868,16.822,16.172,0.65
W,01/28/2015,12.8882,15.032,-2.1441,17.012,16.086,0.926
T,01/27/2015,12.9106,16.703,-3.7925,17.224,16.123,1.101
M,01/26/2015,15.8971,17.109,-1.2119,17.473,16.14,1.332
F,01/23/2015,17.8812,17.435,0.4464,18.058,16.143,1.915
T,01/22/2015,17.8648,17.333,0.5322,18.452,16.129,2.323
W,01/21/2015,14.9666,16.515,-1.548,18.283,15.986,2.297
T,01/20/2015,15.5407,17.42,-1.8798,18.326,15.984,2.342
M,01/19/2015,14.2849,16.671,-2.3863,18.133,15.861,2.272
F,01/16/2015,13.4944,16.178,-2.6831,18.091,15.785,2.306
T,01/15/2015,15.7856,17.19,-1.4044,18.321,15.776,2.545
W,01/14/2015,16.2245,17.64,-1.415,18.3,15.778,2.522
T,01/13/2015,15.6313,18.335,-2.7032,18.865,15.809,3.056
M,01/12/2015,15.2897,18.65,-3.3599,18.727,15.728,2.999
F,01/09/2015,16.0117,18.349,-2.3374,18.659,15.672,2.987
T,01/08/2015,18.4061,18.364,0.0422,18.513,15.581,2.932
W,01/07/2015,17.1972,18.336,-1.1391,18.498,15.528,2.97
T,01/06/2015,17.1842,18.358,-1.1737,18.611,15.53,3.081
M,01/05/2015,21.4223,18.024,3.3979,18.602,15.455,3.147
F,01/02/2015,21.6267,17.55,4.0764,18.869,15.371,3.497
T,01/01/2015,18.8319,17.214,1.6183,18.609,15.176,3.433
W,12/31/2014,18.8319,17.346,1.4854,18.627,15.176,3.451
T,12/30/2014,19.0394,17.414,1.6249,18.916,15.19,3.726
M,12/29/2014,16.4164,15.849,0.5676,18.456,14.961,3.495
F,12/26/2014,13.8062,16.001,-2.1953,18.422,14.876,3.546
T,12/25/2014,11.9267,16.155,-4.2284,18.324,14.862,3.463
W,12/24/2014,17.2761,16.73,0.546,18.688,14.863,3.825
T,12/23/2014,19.6308,16.849,2.7815,18.822,14.869,3.953
M,12/22/2014,19.4625,16.6,2.8621,18.604,14.736,3.868
F,12/19/2014,22.3058,18.43,3.8755,18.741,14.741,3.999
T,12/18/2014,22.2936,18.438,3.856,18.737,14.762,3.976
W,12/17/2014,20.6029,17.472,3.1305,18.428,14.557,3.871
T,12/16/2014,19.1968,16.969,2.2276,18.358,14.436,3.923
M,12/15/2014,15.7462,16.108,-0.3614,18.109,14.434,3.675
F,12/12/2014,11.7246,15.215,-3.4906,17.853,14.372,3.48
T,12/11/2014,11.6588,15.955,-4.2959,18.24,14.388,3.851
W,12/10/2014,12.9193,15.32,-2.4012,18.062,14.296,3.767
T,12/09/2014,12.1408,15.082,-2.9408,17.998,14.243,3.755
M,12/08/2014,12.3915,15.138,-2.7464,18.07,14.251,3.819
F,12/05/2014,12.2231,15.111,-2.8877,18.16,14.24,3.92
T,12/04/2014,15.7943,15.915,-0.1207,18.159,14.287,3.872
W,12/03/2014,14.363,15.048,-0.6848,17.924,14.177,3.747
T,12/02/2014,16.3226,14.948,1.3747,17.892,14.187,3.705
M,12/01/2014,16.7681,15.495,1.273,17.872,14.173,3.698
F,11/28/2014,19.2856,18.097,1.1888,17.882,14.168,3.714
T,11/27/2014,23.2778,18.478,4.8,17.668,14.206,3.462
W,11/26/2014,21.7684,18.632,3.1362,17.608,14.151,3.457
T,11/25/2014,20.1267,18.98,1.1463,17.438,14.052,3.386
M,11/24/2014,20.0596,20.485,-0.4253,17.504,14.026,3.478
F,11/21/2014,17.6377,21.091,-3.453,17.311,13.925,3.385
T,11/20/2014,6.5738,19.768,-13.1937,16.722,13.544,3.178
W,11/19/2014,11.7628,19.881,-8.1184,16.745,13.542,3.203
T,11/18/2014,11.3181,19.919,-8.601,16.734,13.54,3.194
M,11/17/2014,10.6974,20.089,-9.3912,16.705,13.52,3.185
F,11/14/2014,10.986,20.78,-9.7943,16.695,13.526,3.169
T,11/13/2014,11.1432,20.875,-9.732,16.721,13.528,3.194
W,11/12/2014,11.4285,21.952,-10.5239,16.512,13.389,3.124
T,11/11/2014,11.4946,21.967,-10.4728,16.523,13.431,3.093
M,11/10/2014,11.4251,22.008,-10.5824,16.504,13.443,3.062
F,11/07/2014,14.1243,22.006,-7.8821,16.494,13.427,3.067
T,11/06/2014,23.7877,22.169,1.6183,16.512,13.419,3.093
W,11/05/2014,24.8927,21.897,2.9957,16.352,13.267,3.085
T,11/04/2014,26.7084,22.188,4.5203,16.354,13.264,3.09
M,11/03/2014,29.0009,23.208,5.7926,16.456,13.278,3.178
F,10/31/2014,32.1746,22.988,9.1866,16.269,13.191,3.078
T,10/30/2014,29.4059,21.021,8.3847,15.374,12.706,2.668
W,10/29/2014,27.3685,20.92,6.4484,15.053,12.483,2.57
T,10/28/2014,25.9978,20.373,5.6246,14.902,12.334,2.567
M,10/27/2014,23.6317,19.954,3.6772,14.567,12.123,2.444
F,10/24/2014,18.2993,18.274,0.0253,13.833,11.698,2.135
T,10/23/2014,16.0159,18.097,-2.0815,13.275,11.423,1.852
W,10/22/2014,15.2408,18.295,-3.0545,13.149,11.491,1.658
T,10/21/2014,22.4116,18.311,4.1009,13.107,11.464,1.643
M,10/20/2014,22.1004,18.635,3.4654,13.081,11.483,1.598
F,10/17/2014,21.3004,18.315,2.9854,12.952,11.397,1.555
T,10/16/2014,18.4664,17.539,0.9272,12.675,11.186,1.489
W,10/15/2014,18.9253,17.826,1.0997,12.752,11.153,1.6
T,10/14/2014,10.9736,15.799,-4.8255,11.852,10.636,1.216
M,10/13/2014,13.1551,15.776,-2.6209,11.853,10.644,1.209
F,10/10/2014,18.9358,16.994,1.9421,11.828,10.674,1.154
T,10/09/2014,19.6213,16.919,2.7028,11.795,10.656,1.139
W,10/08/2014,18.9095,16.725,2.1848,11.683,10.745,0.938
T,10/07/2014,21.0703,16.601,4.4693,11.502,10.663,0.839
M,10/06/2014,19.7207,16.572,3.1486,11.33,10.563,0.767
F,10/03/2014,15.849,15.058,0.7912,10.661,10.218,0.443
T,10/02/2014,14.7738,14.795,-0.0216,10.526,10.24,0.286
W,10/01/2014,19.6043,14.76,4.8439,10.534,10.596,-0.062
T,09/30/2014,17.7966,13.58,4.2169,10.181,10.355,-0.174
M,09/29/2014,18.4605,13.66,4.8003,10.233,10.359,-0.126
F,09/26/2014,18.5634,13.109,5.4541,10.142,10.252,-0.109
T,09/25/2014,18.4707,13.466,5.0049,10.129,10.265,-0.136
W,09/24/2014,13.1515,11.84,1.3117,9.494,9.931,-0.436
T,09/23/2014,12.6895,11.647,1.0423,9.315,10.167,-0.852
M,09/22/2014,11.9363,11.481,0.4557,9.233,10.13,-0.898
F,09/19/2014,8.6735,10.868,-2.1949,9.024,10.026,-1.002
T,09/18/2014,16.0552,11.006,5.0492,9.026,10.026,-1
W,09/17/2014,15.849,11,4.8486,9.015,10.013,-0.998
T,09/16/2014,14.0859,10.419,3.6669,9.273,9.975,-0.702
M,09/15/2014,15.1507,10.348,4.8028,9.552,9.975,-0.423
F,09/12/2014,16.7696,10.508,6.2616,9.606,9.99,-0.384
T,09/11/2014,9.897,8.291,1.6055,8.907,9.632,-0.725
W,09/10/2014,10.1089,8.364,1.7452,8.907,9.658,-0.751
T,09/09/2014,9.8899,8.242,1.6481,8.912,9.658,-0.747
M,09/08/2014,7.8085,7.781,0.027,8.753,9.595,-0.843
F,09/05/2014,4.3776,7.174,-2.7961,8.681,9.525,-0.844
T,09/04/2014,4.5489,7.758,-3.2092,8.828,9.542,-0.714
W,09/03/2014,7.7751,7.739,0.0357,8.924,9.59,-0.666
T,09/02/2014,7.6184,8.414,-0.7959,8.906,9.586,-0.68
M,09/01/2014,10.5811,8.409,2.1717,8.908,9.661,-0.753
F,08/29/2014,10.5185,8.327,2.1915,9.406,9.641,-0.235
T,08/28/2014,10.9049,8.75,2.1544,9.528,9.638,-0.11
W,08/27/2014,9.3988,8.65,0.7491,9.379,9.55,-0.171
T,08/26/2014,9.6146,8.706,0.9088,9.393,9.585,-0.192
M,08/25/2014,6.8706,7.975,-1.1047,9.265,9.486,-0.221
F,08/22/2014,6.2154,7.921,-1.7056,9.23,9.469,-0.238
T,08/21/2014,6.5481,7.772,-1.2242,9.198,9.452,-0.254
W,08/20/2014,6.1451,7.689,-1.5438,9.18,9.541,-0.361
T,08/19/2014,6.0619,7.719,-1.6571,9.187,9.628,-0.441
M,08/18/2014,5.2699,7.683,-2.4129,9.186,9.61,-0.424
F,08/15/2014,5.8418,8.149,-2.3077,9.201,9.617,-0.415
T,08/14/2014,5.7972,8.583,-2.7858,9.151,9.593,-0.442
W,08/13/2014,7.8736,8.531,-0.6576,9.239,9.648,-0.409
T,08/12/2014,7.7439,8.509,-0.7647,9.287,9.695,-0.408
M,08/11/2014,10.4824,8.614,1.8686,9.286,9.778,-0.491
F,08/08/2014,10.1821,8.535,1.6473,9.261,9.775,-0.514
T,08/07/2014,9.7082,8.372,1.3358,9.206,9.88,-0.674
W,08/06/2014,9.4606,7.833,1.6273,9.053,9.811,-0.758
T,08/05/2014,11.0953,7.861,3.2339,9.108,9.835,-0.727
M,08/04/2014,8.8879,7.223,1.6644,8.982,9.743,-0.762
F,08/01/2014,9.0602,7.22,1.84,9.185,9.873,-0.688
T,07/31/2014,9.1067,7.332,1.7744,9.226,9.928,-0.701
W,07/30/2014,7.1438,7.557,-0.4128,9.093,9.868,-0.775
T,07/29/2014,4.7342,7.201,-2.4671,8.941,9.912,-0.971
M,07/28/2014,4.9362,7.734,-2.7979,8.972,9.914,-0.942
F,07/25/2014,5.2883,7.695,-2.4072,9.116,9.912,-0.795
T,07/24/2014,7.3517,7.814,-0.4625,9.443,9.986,-0.543
W,07/23/2014,9.928,8.251,1.6768,9.468,9.988,-0.521
T,07/22/2014,9.754,8.208,1.5461,9.549,10.066,-0.517
M,07/21/2014,9.5168,8.348,1.1685,9.517,10.068,-0.551
F,07/18/2014,9.5654,8.268,1.2976,9.489,10.118,-0.629
T,07/17/2014,7.8185,7.87,-0.052,9.363,10.063,-0.7
W,07/16/2014,4.3137,8.976,-4.6627,9.186,10.017,-0.831
T,07/15/2014,3.7445,9.859,-6.1146,9.198,10.047,-0.849
M,07/14/2014,3.9329,9.981,-6.0481,9.318,10.044,-0.727
F,07/11/2014,4.1711,10.067,-5.8959,9.288,10.036,-0.748
T,07/10/2014,4.0848,10.059,-5.9738,9.634,10.047,-0.414
W,07/09/2014,5.0639,10.15,-5.0864,9.663,10.193,-0.53
T,07/08/2014,8.4632,10.161,-1.6973,9.667,10.203,-0.537
M,07/07/2014,9.0194,10.513,-1.494,9.711,10.249,-0.537
F,07/04/2014,10.5392,10.779,-0.2393,9.864,10.234,-0.37
T,07/03/2014,10.5765,11.066,-0.4897,10.616,10.238,0.378
W,07/02/2014,10.6582,10.95,-0.2922,10.616,10.247,0.369
T,07/01/2014,9.8563,10.451,-0.5946,10.459,10.341,0.118
M,06/30/2014,9.3572,11.676,-2.3184,10.428,10.314,0.115
F,06/27/2014,8.1147,11.595,-3.4801,10.324,10.239,0.085
T,06/26/2014,8.145,11.662,-3.5174,10.323,10.337,-0.015
W,06/25/2014,7.5992,11.587,-3.9879,10.984,10.345,0.64
T,06/24/2014,12.2898,11.525,0.7649,10.9,10.294,0.606
M,06/23/2014,14.8471,11.475,3.3718,10.929,10.285,0.644
F,06/20/2014,14.7059,11.312,3.3939,10.868,10.251,0.616
T,06/19/2014,15.1672,11.395,3.7724,10.864,10.328,0.536
W,06/18/2014,15.0299,11.432,3.5984,10.997,10.449,0.548
T,06/17/2014,10.6256,10.177,0.4484,10.58,10.228,0.352
M,06/16/2014,6.2744,9.313,-3.039,10.335,10.174,0.162
F,06/13/2014,7.8292,9.166,-1.3366,10.294,10.154,0.14
T,06/12/2014,8.9271,9.349,-0.4221,10.284,10.136,0.148
W,06/11/2014,10.3,9.559,0.7411,10.319,10.148,0.171
T,06/10/2014,9.826,9.436,0.3901,10.304,10.142,0.163
M,06/09/2014,9.8366,9.429,0.408,10.365,10.267,0.099
F,06/06/2014,13.7714,8.974,4.7975,10.264,10.222,0.042
T,06/05/2014,13.7033,8.522,5.181,10.242,10.181,0.061
W,06/04/2014,12.9913,8.378,4.6129,10.152,10.291,-0.139
T,06/03/2014,13.1862,8.659,4.5271,10.294,10.349,-0.055
M,06/02/2014,14.0097,9.285,4.7251,10.29,10.348,-0.058
F,05/30/2014,8.2517,7.68,0.5715,9.798,10.175,-0.377
T,05/29/2014,6.2161,7.177,-0.9607,9.676,10.202,-0.526
W,05/28/2014,6.3581,7.068,-0.7098,9.722,10.286,-0.563
T,05/27/2014,6.5347,7.201,-0.6662,9.724,10.34,-0.616
M,05/26/2014,5.3106,7.425,-2.1143,9.631,10.493,-0.863
F,05/23/2014,5.6274,8.663,-3.0352,9.637,10.524,-0.887
T,05/22/2014,5.6281,8.717,-3.0889,9.854,10.523,-0.669
W,05/21/2014,7.1987,8.972,-1.7733,10.008,10.63,-0.623
T,05/20/2014,7.7981,8.871,-1.0727,9.98,10.839,-0.859
M,05/19/2014,7.1996,8.749,-1.5498,9.958,10.823,-0.864
F,05/16/2014,6.9598,8.699,-1.7393,9.953,10.827,-0.875
T,05/15/2014,6.8322,8.697,-1.865,10.081,11.359,-1.278
W,05/14/2014,4.1985,8.393,-4.1948,10.078,11.309,-1.23
T,05/13/2014,4.141,8.611,-4.4698,10.174,11.317,-1.143
M,05/12/2014,6.1252,8.62,-2.4946,10.193,11.317,-1.124
F,05/09/2014,9.2433,9.729,-0.4854,10.44,11.317,-0.877
T,05/08/2014,9.9577,9.838,0.1201,10.445,11.361,-0.916
W,05/07/2014,9.953,9.846,0.1069,10.5,11.373,-0.873
T,05/06/2014,9.1521,9.846,-0.6935,10.455,11.414,-0.959
M,05/05/2014,8.7601,10.181,-1.4204,10.62,11.38,-0.759
F,05/02/2014,8.1093,11.825,-3.7155,10.563,11.572,-1.009
T,05/01/2014,11.6415,11.794,-0.1528,10.516,11.571,-1.055
W,04/30/2014,11.8934,11.822,0.0711,10.729,11.637,-0.908
T,04/29/2014,12.9884,11.877,1.1115,10.752,12.106,-1.355
M,04/28/2014,12.4669,11.857,0.6099,10.711,12.085,-1.374
F,04/25/2014,10.8709,11.481,-0.6098,10.733,12.029,-1.297
T,04/24/2014,5.859,12.59,-6.7313,10.432,11.904,-1.472
W,04/23/2014,5.4982,12.586,-7.0876,10.587,12.029,-1.442
T,04/22/2014,3.1009,12.442,-9.3415,10.518,12.24,-1.722
M,04/21/2014,6.4594,12.447,-5.9874,10.637,12.243,-1.607
F,04/18/2014,6.5104,12.448,-5.9377,10.644,12.244,-1.6
T,04/17/2014,11.3192,12.843,-1.524,10.719,12.25,-1.531
W,04/16/2014,11.6386,12.879,-1.2407,10.785,12.296,-1.511
T,04/15/2014,11.3542,12.882,-1.5282,10.765,12.386,-1.621
M,04/14/2014,10.6236,12.604,-1.9809,10.661,12.336,-1.675
F,04/11/2014,12.679,12.716,-0.0375,10.683,12.336,-1.652
T,04/10/2014,16.5889,11.978,4.6112,10.656,12.202,-1.547
W,04/09/2014,16.6413,11.944,4.697,10.642,12.19,-1.548
T,04/08/2014,16.7008,12.106,4.5946,10.742,12.31,-1.568
M,04/07/2014,16.4039,12.029,4.3745,10.691,12.288,-1.597
F,04/04/2014,15.2284,11.82,3.4079,10.523,12.218,-1.695
T,04/03/2014,5.6638,9.626,-3.9621,9.826,11.897,-2.072
W,04/02/2014,14.7322,9.953,4.7792,10.152,11.879,-1.727
T,04/01/2014,14.8232,9.918,4.9055,10.141,11.881,-1.74
M,03/31/2014,15.0482,9.842,5.2066,10.117,11.91,-1.793
F,03/28/2014,14.6844,9.711,4.9734,10.274,11.891,-1.618
T,03/27/2014,14.6766,9.938,4.7386,10.335,12.099,-1.765
W,03/26/2014,7.8326,7.311,0.5212,9.588,11.79,-2.202
T,03/25/2014,7.8497,7.22,0.6295,9.566,11.836,-2.27
M,03/24/2014,7.5115,7.033,0.4783,9.513,11.939,-2.426
F,03/21/2014,7.6363,7.932,-0.2958,9.678,11.938,-2.26
T,03/20/2014,8.4108,8.633,-0.2223,9.949,11.994,-2.045
W,03/19/2014,6.1566,8.04,-1.8838,9.804,11.972,-2.168
T,03/18/2014,6.1621,8.001,-1.8391,9.96,12.007,-2.048
M,03/17/2014,6.8885,7.92,-1.031,9.941,12.815,-2.874
F,03/14/2014,7.3047,8.402,-1.0977,9.955,12.924,-2.969
T,03/13/2014,8.2719,8.627,-0.3548,9.929,12.908,-2.978
W,03/12/2014,7.8606,9.065,-1.2044,9.92,12.898,-2.978
T,03/11/2014,9.6847,9.053,0.6318,10.153,12.889,-2.736
M,03/10/2014,8.7452,9.679,-0.9341,10.131,12.875,-2.744
F,03/07/2014,8.2538,9.599,-1.3452,10.146,12.87,-2.724
T,03/06/2014,6.4138,9.443,-3.0288,10.359,12.961,-2.603
W,03/05/2014,7.5979,9.46,-1.8625,10.464,13.004,-2.54
T,03/04/2014,5.0491,9.804,-4.7546,10.327,13.129,-2.802
M,03/03/2014,5.0567,10.189,-5.1319,10.463,13.133,-2.67
F,02/28/2014,5.2348,10.203,-4.9681,10.63,13.151,-2.521
T,02/27/2014,9.1551,10.862,-1.7072,10.812,13.159,-2.347
W,02/26/2014,10.6593,10.732,-0.0727,10.867,13.227,-2.36
T,02/25/2014,10.4092,10.691,-0.2816,11.215,13.257,-2.042
M,02/24/2014,10.5615,11.162,-0.6004,11.273,13.376,-2.103
F,02/21/2014,10.587,11.155,-0.5678,11.271,13.39,-2.118
T,02/20/2014,9.5175,11.062,-1.5445,11.308,13.462,-2.154
W,02/19/2014,8.3833,10.625,-2.2415,11.558,14.365,-2.808
T,02/18/2014,10.5601,10.981,-0.4211,11.556,14.406,-2.85
M,02/17/2014,10.6445,10.968,-0.3238,11.567,14.795,-3.228
F,02/14/2014,13.3239,11.166,2.1574,12.537,14.821,-2.285
T,02/13/2014,11.9928,11.005,0.9878,12.427,14.824,-2.397
W,02/12/2014,11.4168,10.711,0.7055,12.404,15.097,-2.692
T,02/11/2014,9.6205,10.276,-0.6558,12.274,15.08,-2.806
M,02/10/2014,12.3796,10.296,2.084,12.26,15.085,-2.825
F,02/07/2014,10.9076,10.428,0.4798,12.133,15.13,-2.996
T,02/06/2014,10.8787,10.47,0.4091,12.149,15.143,-2.994
W,02/05/2014,12.7361,10.623,2.1126,12.23,15.136,-2.906
T,02/04/2014,12.8673,10.601,2.2661,12.217,15.26,-3.042
M,02/03/2014,10.0921,9.863,0.2291,12.517,15.201,-2.684
F,01/31/2014,10.623,9.66,0.9633,12.459,15.16,-2.702
T,01/30/2014,10.6206,10.764,-0.1431,12.577,15.181,-2.605
W,01/29/2014,10.1093,10.09,0.0191,13.261,15.137,-1.877
T,01/28/2014,10.1981,10.004,0.1942,13.239,15.221,-1.981
M,01/27/2014,11.6098,10.592,1.0182,13.241,15.224,-1.983
F,01/24/2014,9.6725,10.288,-0.6158,13.134,15.208,-2.074
T,01/23/2014,10.6384,10.306,0.332,13.373,15.232,-1.859
W,01/22/2014,9.2359,9.732,-0.4956,13.689,15.182,-1.492
T,01/21/2014,8.8337,9.62,-0.786,13.67,15.178,-1.507
M,01/20/2014,6.9699,9.729,-2.7588,13.579,15.31,-1.731
F,01/17/2014,7.2951,10.519,-3.2242,13.584,15.354,-1.77
T,01/16/2014,10.5134,10.336,0.1772,13.613,15.353,-1.741
W,01/15/2014,9.7747,10.624,-0.8491,13.738,15.376,-1.638
T,01/14/2014,11.0667,10.638,0.4283,13.734,15.375,-1.64
M,01/13/2014,11.0024,10.667,0.335,13.725,15.472,-1.747
F,01/10/2014,10.7993,10.659,0.1408,13.71,15.617,-1.907
T,01/09/2014,7.3601,9.829,-2.4686,13.494,15.815,-2.321
W,01/08/2014,12.0236,10.544,1.4797,13.695,15.823,-2.129
T,01/07/2014,10.762,10.35,0.4118,13.621,15.797,-2.176
M,01/06/2014,10.6709,10.466,0.2051,13.628,15.802,-2.174
F,01/03/2014,12.8236,11.362,1.4615,13.622,15.805,-2.182
T,01/02/2014,12.8654,11.522,1.3435,13.578,15.801,-2.222
W,01/01/2014,8.505,10.495,-1.9898,13.315,15.685,-2.37
T,12/31/2013,8.505,10.904,-2.399,13.385,15.738,-2.353
M,12/30/2013,8.505,11.393,-2.8877,13.385,15.78,-2.395
F,12/27/2013,7.8199,11.378,-3.5579,13.602,15.784,-2.181
T,12/26/2013,10.6648,11.562,-0.8975,13.571,15.764,-2.193
W,12/25/2013,10.7591,12.579,-1.8197,13.657,15.876,-2.218
T,12/24/2013,12.7115,12.739,-0.0273,13.87,15.889,-2.018
M,12/23/2013,12.8338,12.751,0.0829,13.871,15.97,-2.1
F,12/20/2013,11.3572,12.993,-1.6358,13.851,15.939,-2.088
T,12/19/2013,8.0997,13.476,-5.3763,13.737,15.901,-2.164
W,12/18/2013,8.219,13.434,-5.2148,13.8,15.915,-2.114
T,12/17/2013,9.4044,13.081,-3.6761,15.077,15.994,-0.917
M,12/16/2013,9.8522,15.597,-5.7452,15.26,16.213,-0.953
F,12/13/2013,10.1567,15.552,-5.395,15.249,16.227,-0.978
T,12/12/2013,13.4797,15.669,-2.1895,15.24,16.262,-1.022
W,12/11/2013,14.3527,15.618,-1.2657,15.223,16.389,-1.166
T,12/10/2013,11.8418,15.106,-3.2642,15.075,16.418,-1.344
M,12/09/2013,12.8555,15.22,-2.3643,15.057,16.444,-1.387
F,12/06/2013,14.1056,15.179,-1.0736,15.251,16.459,-1.207
T,12/05/2013,12.8815,14.832,-1.95,15.117,16.372,-1.255
W,12/04/2013,13.0165,14.581,-1.5642,15.347,16.345,-0.998
T,12/03/2013,16.5621,15.842,0.7198,15.351,16.344,-0.993
M,12/02/2013,15.954,15.665,0.2889,15.29,16.303,-1.013
F,11/29/2013,14.4934,15.618,-1.1245,15.19,16.249,-1.059
T,11/28/2013,15.0496,17.333,-2.2831,15.224,16.229,-1.006
W,11/27/2013,17.7479,17.094,0.6538,15.204,16.328,-1.124
T,11/26/2013,14.4629,16.36,-1.8968,15.144,16.202,-1.058
M,11/25/2013,14.0939,16.283,-2.1888,15.128,16.41,-1.282
F,11/22/2013,22.4414,16.873,5.5683,15.396,16.444,-1.048
T,11/21/2013,20.8745,17.509,3.365,16.895,16.365,0.53
W,11/20/2013,18.2778,16.67,1.6083,16.683,16.226,0.457
T,11/19/2013,18.2785,16.673,1.6054,17.352,16.229,1.123
M,11/18/2013,18.117,16.653,1.4637,17.388,16.232,1.156
F,11/15/2013,6.9425,14.554,-7.6111,16.783,15.864,0.92
T,11/14/2013,7.4212,15.076,-7.6549,17.323,15.864,1.459
W,11/13/2013,8.6256,14.91,-6.2843,17.339,15.852,1.487
T,11/12/2013,8.6247,14.911,-6.2864,17.359,15.852,1.507
M,11/11/2013,15.36,14.916,0.4435,17.581,15.869,1.712
F,11/08/2013,14.9339,14.72,0.2142,17.551,15.844,1.706
T,11/07/2013,15.9911,15.272,0.7188,17.557,15.881,1.675
W,11/06/2013,22.4456,14.972,7.4733,17.688,15.861,1.827
T,11/05/2013,22.4454,15.008,7.4374,17.731,15.873,1.858
M,11/04/2013,18.5547,13.663,4.8914,17.376,15.677,1.699
F,11/01/2013,18.3686,13.548,4.821,17.386,15.666,1.72
T,10/31/2013,19.5278,13.23,6.2978,17.353,15.618,1.734
W,10/30/2013,15.8858,10.586,5.2996,16.867,15.256,1.611
T,10/29/2013,15.9621,10.586,5.3758,16.878,15.274,1.603
M,10/28/2013,15.895,11.924,3.971,16.941,15.271,1.67
F,10/25/2013,15.8081,11.916,3.8923,16.972,15.268,1.703
T,10/24/2013,14.0523,11.404,2.6486,16.802,15.174,1.628
W,10/23/2013,10.1348,10.496,-0.3611,16.446,14.969,1.477
T,10/22/2013,10.034,10.47,-0.436,16.757,14.993,1.764
M,10/21/2013,10.019,10.85,-0.8309,16.841,15.018,1.823
F,10/18/2013,9.8964,11.12,-1.2235,16.879,15.02,1.86
T,10/17/2013,8.2839,11.08,-2.7957,16.897,14.993,1.903
W,10/16/2013,8.9488,15.242,-6.2932,16.749,14.919,1.83
T,10/15/2013,9.0688,15.815,-6.7465,16.932,14.971,1.961
M,10/14/2013,9.3039,15.825,-6.5208,17.209,15.004,2.205
F,10/11/2013,9.2469,15.833,-6.5864,17.732,15.01,2.722
T,10/10/2013,9.1574,15.821,-6.6634,17.755,15.105,2.65
W,10/09/2013,3.3513,15.299,-11.9478,17.604,15.011,2.593
T,10/08/2013,5.742,15.317,-9.5754,17.612,15.008,2.604
M,10/07/2013,5.3357,15.957,-10.6214,17.612,15.01,2.602
F,10/04/2013,12.5445,16.188,-3.6437,17.638,15.032,2.607
T,10/03/2013,12.7629,17.062,-4.2991,17.643,15.039,2.604
W,10/02/2013,13.8704,17.053,-3.1823,17.727,15.173,2.554
T,10/01/2013,15.6321,16.97,-1.3376,17.749,15.161,2.588
M,09/30/2013,15.6369,17.013,-1.376,17.87,15.166,2.703
F,09/27/2013,12.2439,16.557,-4.3135,17.591,15.001,2.59
T,09/26/2013,13.1492,16.707,-3.558,17.783,14.994,2.789
W,09/25/2013,12.9173,17.05,-4.1332,17.734,14.951,2.783
T,09/24/2013,24.8148,16.588,8.2268,17.714,14.871,2.843
M,09/23/2013,26.2828,17.341,8.9421,17.748,14.873,2.875
F,09/20/2013,25.6461,21.413,4.2334,17.756,14.829,2.928
T,09/19/2013,25.1298,21.423,3.7072,17.729,14.793,2.935
W,09/18/2013,24.5826,22.868,1.7145,17.91,14.76,3.15
T,09/17/2013,9.3491,20.083,-10.7337,17.164,14.096,3.068
M,09/16/2013,4.1398,19.858,-15.7183,17.034,13.996,3.037
F,09/13/2013,10.2089,21.237,-11.0285,17.111,13.995,3.116
T,09/12/2013,11.5428,21.384,-9.8408,17.359,13.993,3.366
W,09/11/2013,15.9771,21.433,-5.4555,17.56,14.021,3.539
T,09/10/2013,15.7955,21.944,-6.1482,17.615,14.01,3.606
M,09/09/2013,16.0324,21.984,-5.9516,17.658,14.013,3.646
F,09/06/2013,13.2166,21.553,-8.336,17.488,13.902,3.586
T,09/05/2013,14.4273,21.933,-7.5056,17.438,13.873,3.565
W,09/04/2013,10.6103,21.37,-10.7595,17.167,13.743,3.424
T,09/03/2013,13.859,21.358,-7.4989,17.166,13.743,3.422
M,09/02/2013,13.8045,21.386,-7.5815,17.138,13.727,3.411
F,08/30/2013,17.0825,21.488,-4.406,17.204,13.754,3.449
T,08/29/2013,30.4006,21.532,8.8683,17.32,13.663,3.657
W,08/28/2013,30.4637,21.411,9.053,17.261,13.632,3.629
T,08/27/2013,33.797,21.122,12.6751,17.505,13.515,3.991
M,08/26/2013,33.971,21.173,12.7983,17.546,13.512,4.034
F,08/23/2013,32.9257,20.613,12.3132,17.312,13.366,3.946
T,08/22/2013,25.0263,16.133,8.8933,15.701,12.317,3.384
W,08/21/2013,24.9901,16.9,8.0904,15.634,12.27,3.364
T,08/20/2013,18.363,14.964,3.3989,14.911,11.828,3.083
M,08/19/2013,20.3928,14.945,5.4479,14.854,11.797,3.057
F,08/16/2013,19.7671,14.955,4.8125,14.758,11.751,3.007
T,08/15/2013,12.6838,12.911,-0.2273,14.152,11.354,2.797
W,08/14/2013,15.2699,13.383,1.887,14.074,11.327,2.747
T,08/13/2013,15.6197,14.362,1.2574,14.088,11.32,2.768
M,08/12/2013,11.9572,15.461,-3.5042,13.825,11.16,2.665
F,08/09/2013,12.1692,15.459,-3.2901,13.895,11.138,2.756
T,08/08/2013,12.7703,15.44,-2.67,13.935,11.122,2.814
W,08/07/2013,11.6194,14.692,-3.0727,13.681,10.948,2.734
T,08/06/2013,10.951,14.568,-3.6168,13.633,10.982,2.65
M,08/05/2013,12.2456,14.665,-2.4195,13.643,10.983,2.66
F,08/02/2013,12.3473,14.541,-2.1939,13.597,10.968,2.629
T,08/01/2013,11.7015,14.686,-2.9847,13.528,10.93,2.598
W,07/31/2013,8.3707,14.372,-6.0016,13.361,10.802,2.559
T,07/30/2013,14.22,14.791,-0.5706,13.348,10.794,2.555
M,07/29/2013,14.4554,14.547,-0.0917,13.272,10.746,2.526
F,07/26/2013,14.4673,15.143,-0.6752,13.241,10.766,2.475
T,07/25/2013,15.4565,15.156,0.3006,13.217,10.945,2.273
W,07/24/2013,15.2739,15.629,-0.3546,13.26,10.934,2.326
T,07/23/2013,13.3123,14.677,-1.3651,12.917,10.694,2.223
M,07/22/2013,16.2194,14.687,1.5325,12.82,10.655,2.165
F,07/19/2013,21.9506,14.65,7.3005,12.792,10.625,2.167
T,07/18/2013,21.3356,15.229,6.1065,12.698,10.557,2.141
W,07/17/2013,21.4953,16.612,4.8836,12.819,10.562,2.257
T,07/16/2013,19.6861,16.15,3.5363,12.654,10.417,2.236
M,07/15/2013,16.3997,15.492,0.9074,12.292,10.203,2.089
F,07/12/2013,6.4973,14.497,-7.9995,11.769,9.745,2.024
T,07/11/2013,5.6928,15.134,-9.4408,11.74,9.729,2.011
W,07/10/2013,8.2259,15.34,-7.1138,11.717,9.728,1.989
T,07/09/2013,9.7964,15.481,-5.685,11.718,9.735,1.983
M,07/08/2013,12.1408,15.529,-3.3885,11.758,9.73,2.029
F,07/05/2013,11.6395,15.501,-3.8614,11.738,9.76,1.978
T,07/04/2013,15.0807,15.486,-0.4048,12.079,9.771,2.308
W,07/03/2013,13.9926,15.172,-1.179,11.991,9.718,2.274
T,07/02/2013,15.1116,14.899,0.2123,11.894,9.649,2.245
M,07/01/2013,13.7186,14.735,-1.0164,11.713,9.552,2.16
F,06/28/2013,15.0376,15.649,-0.6118,11.713,9.551,2.162
T,06/27/2013,12.1525,14.916,-2.7638,11.4,9.363,2.037
W,06/26/2013,15.7557,16.301,-0.5449,11.413,9.345,2.068
T,06/25/2013,19.1419,16.026,3.1162,11.19,9.213,1.977
M,06/24/2013,19.1795,15.919,3.2607,11.138,9.408,1.731
F,06/21/2013,19.1089,15.674,3.4347,11.01,9.328,1.682
T,06/20/2013,21.5189,15.577,5.9422,10.961,9.296,1.665
W,06/19/2013,21.0482,14.774,6.2746,10.676,9.11,1.566
T,06/18/2013,17.069,13.204,3.8646,9.997,8.715,1.282
M,06/17/2013,17.2844,13.054,4.2308,9.932,8.771,1.161
F,06/14/2013,16.5458,12.833,3.7133,9.797,8.724,1.073
T,06/13/2013,12.9895,11.731,1.2587,9.425,8.534,0.892
W,06/12/2013,8.8128,10.918,-2.1056,9.045,8.325,0.72
T,06/11/2013,6.7926,10.615,-3.8224,8.93,8.272,0.658
M,06/10/2013,4.6575,10.758,-6.1002,8.864,8.228,0.636
F,06/07/2013,6.8149,10.908,-4.0927,8.863,8.203,0.66
T,06/06/2013,12.4463,10.92,1.5266,8.953,8.185,0.768
W,06/05/2013,12.4397,10.943,1.4968,8.963,8.188,0.776
T,06/04/2013,18.5746,10.966,7.6083,8.959,8.305,0.654
M,06/03/2013,19.3564,10.979,8.3777,9.068,8.354,0.713
F,05/31/2013,18.4554,10.588,7.8673,8.917,8.285,0.632
T,05/30/2013,15.1455,9.364,5.7817,8.417,8.084,0.333
W,05/29/2013,15.2405,9.365,5.8751,8.417,8.507,-0.09
T,05/28/2013,6.9966,6.549,0.4475,7.535,8.092,-0.557
M,05/27/2013,4.4779,6.168,-1.6896,7.412,8.04,-0.628
F,05/24/2013,4.3828,6.157,-1.7745,7.418,8.047,-0.629
T,05/23/2013,4.9918,6.439,-1.4473,7.39,8.033,-0.643
W,05/22/2013,4.6872,6.745,-2.0576,7.484,8.179,-0.695
T,05/21/2013,5.1985,6.669,-1.4708,7.458,8.168,-0.71
M,05/20/2013,5.6827,6.845,-1.1626,7.502,8.26,-0.757
F,05/17/2013,8.3157,6.971,1.3448,7.515,8.264,-0.748
T,05/16/2013,9.046,7.445,1.601,7.519,8.236,-0.717
W,05/15/2013,9.5688,7.849,1.7195,7.546,8.261,-0.715
T,05/14/2013,8.9396,7.722,1.2175,7.517,8.228,-0.711
M,05/13/2013,8.8308,8.728,0.1024,7.485,8.235,-0.749
F,05/10/2013,6.4698,8.249,-1.7796,7.291,8.162,-0.871
T,05/09/2013,4.1951,7.892,-3.697,7.171,8.111,-0.939
W,05/08/2013,4.7288,7.84,-3.1114,7.328,8.098,-0.769
T,05/07/2013,4.4934,8.056,-3.5629,7.319,8.105,-0.786
M,05/06/2013,4.48,8.087,-3.607,7.345,8.096,-0.751
F,05/03/2013,5.3104,9.528,-4.2178,7.354,8.096,-0.741
T,05/02/2013,5.3834,9.712,-4.3285,7.359,8.1,-0.74
W,05/01/2013,5.9385,9.587,-3.6488,7.283,8.065,-0.782
T,04/30/2013,7.4132,9.586,-2.1729,7.304,8.065,-0.761
M,04/29/2013,7.4581,9.543,-2.0852,7.445,8.055,-0.61
F,04/26/2013,7.5559,9.426,-1.8701,7.943,8.035,-0.092
T,04/25/2013,8.0044,9.599,-1.5946,7.939,8.048,-0.109
W,04/24/2013,9.1423,9.359,-0.2162,7.853,7.998,-0.145
T,04/23/2013,9.4694,9.11,0.3596,7.831,7.95,-0.119
M,04/22/2013,9.5216,9.067,0.4542,7.825,7.938,-0.113
F,04/19/2013,12.4684,8.946,3.5221,7.781,7.913,-0.133
T,04/18/2013,12.2833,9.254,3.0295,7.757,7.897,-0.14
W,04/17/2013,10.5178,8.758,1.7601,7.567,7.798,-0.231
T,04/16/2013,9.5371,8.401,1.1361,7.48,7.734,-0.254
M,04/15/2013,10.1027,8.333,1.7694,7.469,7.728,-0.26
F,04/12/2013,5.7176,7.509,-1.7911,7.09,7.537,-0.447
T,04/11/2013,11.7194,7.458,4.2615,7.108,7.533,-0.425
W,04/10/2013,12.335,7.564,4.7709,7.16,7.54,-0.38
T,04/09/2013,12.2576,7.607,4.6502,7.135,7.527,-0.391
M,04/08/2013,11.5564,7.509,4.0476,7.193,7.493,-0.3
F,04/05/2013,11.3096,7.867,3.4426,7.203,7.48,-0.278
T,04/04/2013,4.4782,6.071,-1.5927,6.691,7.196,-0.505
W,04/03/2013,4.4523,5.794,-1.3414,6.607,7.204,-0.597
T,04/02/2013,4.1302,6.211,-2.0811,6.626,7.198,-0.571
M,04/01/2013,4.1895,6.212,-2.0224,6.626,7.204,-0.579
F,03/29/2013,4.2921,6.285,-1.9934,6.636,7.203,-0.567
T,03/28/2013,4.4814,6.286,-1.8048,6.647,7.203,-0.556
W,03/27/2013,6.0616,6.186,-0.1241,6.585,7.169,-0.584
T,03/26/2013,6.1534,6.268,-0.1144,7.185,7.165,0.02
M,03/25/2013,6.127,6.303,-0.1758,7.182,7.174,0.008
F,03/22/2013,6.084,6.286,-0.2018,7.174,7.173,0.002
T,03/21/2013,7.4906,6.642,0.8489,7.29,7.168,0.122
W,03/20/2013,4.982,6.132,-1.1499,7.141,7.083,0.058
T,03/19/2013,5.3666,6.262,-0.8953,7.352,7.076,0.276
M,03/18/2013,6.1316,6.313,-0.1809,7.425,7.075,0.35
F,03/15/2013,6.8702,6.525,0.345,7.569,7.081,0.488
T,03/14/2013,7.4715,6.235,1.237,7.466,7.13,0.337
W,03/13/2013,7.6511,6.392,1.2589,7.521,7.156,0.365
T,03/12/2013,7.2684,6.265,1.0035,7.516,7.149,0.367
M,03/11/2013,8.3198,6.09,2.2302,7.47,7.145,0.325
F,03/08/2013,7.6692,5.916,1.7527,7.421,7.133,0.289
T,03/07/2013,5.8228,6.113,-0.2901,7.274,7.063,0.211
W,03/06/2013,5.588,6.073,-0.4852,7.531,7.056,0.475
T,03/05/2013,6.2885,6.228,0.0605,7.632,7.076,0.556
M,03/04/2013,4.4745,5.783,-1.3083,7.531,7.006,0.524
F,03/01/2013,4.7254,5.801,-1.0754,7.694,7.033,0.66
T,02/28/2013,4.2942,5.709,-1.4152,8.531,7.027,1.504
W,02/27/2013,6.2757,5.794,0.4819,8.596,7.142,1.454
T,02/26/2013,5.8278,6.223,-0.3951,8.591,7.124,1.467
M,02/25/2013,6.1283,7.955,-1.8267,8.583,7.132,1.451
F,02/22/2013,6.1691,7.918,-1.7489,8.573,7.167,1.406
T,02/21/2013,7.0635,7.954,-0.891,8.853,7.169,1.684
W,02/20/2013,5.8388,7.87,-2.0313,8.78,7.116,1.663
T,02/19/2013,6.2053,7.865,-1.6599,8.936,7.114,1.821
M,02/18/2013,5.3808,7.747,-2.3661,8.904,7.089,1.814
F,02/15/2013,5.0974,7.749,-2.6518,8.891,7.082,1.809
T,02/14/2013,3.9231,7.594,-3.6707,8.882,7.051,1.832
W,02/13/2013,7.0364,7.654,-0.6173,8.86,7.041,1.819
T,02/12/2013,6.4685,7.576,-1.1076,8.863,7.018,1.844
M,02/11/2013,7.1344,7.638,-0.5034,8.891,7.027,1.864
F,02/08/2013,7.3433,7.739,-0.3955,8.903,7.032,1.871
T,02/07/2013,7.2885,7.86,-0.571,8.914,7.035,1.878
W,02/06/2013,3.7248,7.269,-3.5444,8.766,6.929,1.837
T,02/05/2013,4.1593,7.696,-3.5367,8.765,6.952,1.812
M,02/04/2013,6.2667,7.681,-1.4141,8.73,6.939,1.791
F,02/01/2013,12.0562,7.87,4.1861,8.725,6.934,1.791
T,01/31/2013,12.0134,7.861,4.1521,8.72,6.935,1.786
W,01/30/2013,12.1359,7.977,4.1592,8.72,7.099,1.622
T,01/29/2013,12.5911,7.915,4.6763,8.702,7.095,1.607
M,01/28/2013,11.4515,7.472,3.9797,8.569,7.054,1.514
F,01/25/2013,4.8817,5.507,-0.625,8.094,6.827,1.267
T,01/24/2013,5.1911,5.59,-0.3992,8.094,6.923,1.172
W,01/23/2013,5.1323,7.518,-2.3852,8.08,6.919,1.162
T,01/22/2013,4.4707,7.27,-2.7992,8.007,6.93,1.077
M,01/21/2013,4.445,7.211,-2.7662,7.993,6.977,1.016
F,01/18/2013,4.6801,7.56,-2.8796,7.99,6.992,0.998
T,01/17/2013,5.0311,7.564,-2.5334,7.975,7.068,0.907
W,01/16/2013,5.7129,8.171,-2.4584,7.966,7.1,0.866
T,01/15/2013,5.0412,8.248,-3.2072,7.938,7.112,0.826
M,01/14/2013,7.0384,8.609,-1.5705,7.923,7.103,0.82
F,01/11/2013,7.3256,8.565,-1.239,7.912,7.174,0.738
T,01/10/2013,7.9076,8.622,-0.7142,7.894,7.156,0.738
W,01/09/2013,7.2965,8.567,-1.27,7.852,7.13,0.722
T,01/08/2013,7.6924,8.543,-0.8507,7.862,7.13,0.732
M,01/07/2013,5.6255,8.167,-2.5419,7.733,7.055,0.677
F,01/04/2013,5.0964,8.068,-2.9719,7.693,7.034,0.659
T,01/03/2013,3.5456,8.593,-5.0469,7.706,7.001,0.705
W,01/02/2013,4.0021,8.873,-4.8714,7.713,7.034,0.679
T,01/01/2013,10.8353,8.844,1.9915,7.688,7.047,0.642
M,12/31/2012,10.8353,9.27,1.5653,7.688,7.113,0.575
F,12/28/2012,10.7269,11.335,-0.6086,7.677,7.389,0.288
T,12/27/2012,11.6831,11.465,0.2181,7.676,7.609,0.067
W,12/26/2012,11.6627,11.51,0.1524,7.658,8.946,-1.288
T,12/25/2012,8.3314,10.368,-2.0369,7.11,8.708,-1.598
M,12/24/2012,9.1522,10.372,-1.2196,7.116,8.715,-1.599
F,12/21/2012,10.6126,11.08,-0.4676,7.116,8.746,-1.63
T,12/20/2012,9.4847,10.872,-1.3874,6.989,8.702,-1.713
W,12/19/2012,9.8587,11.264,-1.4056,6.97,8.705,-1.735
T,12/18/2012,7.7733,10.829,-3.0557,6.732,8.935,-2.203
M,12/17/2012,6.7967,10.67,-3.8734,6.668,8.904,-2.237
F,12/14/2012,4.293,10.462,-6.1692,6.723,9.11,-2.387
T,12/13/2012,4.3583,10.454,-6.0955,6.774,9.119,-2.345
W,12/12/2012,7.7726,10.435,-2.6628,6.736,9.099,-2.363
T,12/11/2012,8.702,10.445,-1.7427,6.747,9.158,-2.411
M,12/10/2012,9.0074,10.474,-1.467,6.781,9.165,-2.384
F,12/07/2012,10.6016,10.51,0.0911,6.797,9.165,-2.368
T,12/06/2012,17.0949,10.557,6.5375,6.789,9.618,-2.829
W,12/05/2012,15.9547,9.957,5.998,6.538,9.543,-3.006
T,12/04/2012,15.5487,9.716,5.8322,6.414,9.5,-3.087
M,12/03/2012,15.5053,9.671,5.8344,6.44,9.52,-3.08
F,11/30/2012,14.4327,9.263,5.1695,6.257,9.78,-3.523
T,11/29/2012,9.5409,6.533,3.0077,5.334,9.495,-4.161
W,11/28/2012,8.9931,6.266,2.7275,5.249,9.536,-4.287
T,11/27/2012,10.6061,6.127,4.4789,5.254,9.531,-4.277
M,11/26/2012,10.5085,6.169,4.3392,5.336,9.66,-4.324
F,11/23/2012,10.494,6.164,4.33,5.343,9.693,-4.351
T,11/22/2012,7.5315,4.774,2.758,4.873,9.572,-4.699
W,11/21/2012,7.2447,4.668,2.5765,4.865,10.001,-5.136
T,11/20/2012,4.6524,3.529,1.123,4.542,9.927,-5.385
M,11/19/2012,5.1074,3.499,1.6087,4.526,10.691,-6.165
F,11/16/2012,5.3686,3.5,1.8688,4.535,11.184,-6.649
T,11/15/2012,4.762,3.146,1.6158,4.459,11.248,-6.789
W,11/14/2012,5.3042,3.268,2.0366,4.461,11.291,-6.829
T,11/13/2012,4.4065,2.931,1.4752,4.41,11.293,-6.883
M,11/12/2012,3.7498,2.723,1.0264,4.367,11.283,-6.916
F,11/09/2012,3.6249,2.724,0.9005,4.371,11.285,-6.913
T,11/08/2012,2.9673,2.587,0.3799,4.343,11.494,-7.151
W,11/07/2012,1.8379,2.503,-0.6652,4.374,11.515,-7.141
T,11/06/2012,1.7513,2.556,-0.8051,4.41,11.561,-7.152
M,11/05/2012,1.7082,2.5,-0.7914,4.408,11.738,-7.33
F,11/02/2012,2.7318,3.177,-0.4453,4.404,11.832,-7.429
T,11/01/2012,2.7376,3.253,-0.515,4.896,11.837,-6.941
W,10/31/2012,2.7327,3.348,-0.6155,4.918,11.899,-6.981
T,10/30/2012,2.742,3.349,-0.6065,5.042,11.963,-6.921
M,10/29/2012,2.6702,3.316,-0.646,5.242,12.009,-6.767
F,10/26/2012,1.4094,3.149,-1.7397,5.44,12,-6.56
T,10/25/2012,1.4094,3.157,-1.7478,5.45,12.138,-6.688
W,10/24/2012,1.6101,3.303,-1.6927,5.586,12.139,-6.553
T,10/23/2012,2.4089,3.339,-0.9299,5.725,12.143,-6.419
M,10/22/2012,2.3271,3.317,-0.99,5.768,12.143,-6.375
F,10/19/2012,2.4133,3.276,-0.8627,5.962,12.142,-6.18
T,10/18/2012,2.9245,3.276,-0.3511,6.053,12.152,-6.099
W,10/17/2012,3.0365,3.256,-0.2198,6.133,12.163,-6.03
T,10/16/2012,3.0991,3.252,-0.1533,6.113,12.158,-6.045
M,10/15/2012,3.2829,4.438,-1.1549,6.297,12.231,-5.934
F,10/12/2012,3.0251,4.649,-1.6238,6.288,12.275,-5.987
T,10/11/2012,4.9356,4.68,0.2555,6.272,12.293,-6.021
W,10/10/2012,5.012,4.842,0.1704,6.274,12.32,-6.046
T,10/09/2012,4.914,4.9,0.0137,6.254,12.333,-6.08
M,10/08/2012,4.7657,4.961,-0.1952,6.245,12.332,-6.086
F,10/05/2012,4.7817,4.961,-0.1792,6.266,12.393,-6.127
T,10/04/2012,2.592,4.727,-2.1348,6.234,12.374,-6.14
W,10/03/2012,2.2197,4.68,-2.4601,6.296,12.371,-6.075
T,10/02/2012,2.4899,4.861,-2.3709,6.427,12.37,-5.944
M,10/01/2012,2.6917,4.915,-2.2229,7.03,12.371,-5.34
F,09/28/2012,2.6747,5.841,-3.1663,7.492,12.381,-4.889
T,09/27/2012,2.3265,5.86,-3.5332,10.01,12.386,-2.376
W,09/26/2012,2.2773,6.034,-3.7571,10.012,12.393,-2.38
T,09/25/2012,1.1448,6.257,-5.1124,10.009,12.394,-2.385
M,09/24/2012,1.8467,6.26,-4.4133,10.058,12.398,-2.341
F,09/21/2012,6.4743,6.288,0.186,10.072,12.404,-2.332
T,09/20/2012,7.1777,6.347,0.8309,10.089,12.415,-2.326
W,09/19/2012,7.4487,6.354,1.0945,10.636,12.435,-1.799
T,09/18/2012,7.946,6.357,1.5887,10.637,12.435,-1.799
M,09/17/2012,8.1259,6.318,1.8079,11.066,12.433,-1.367
F,09/14/2012,5.606,5.577,0.0286,10.949,12.381,-1.432
T,09/13/2012,4.663,5.372,-0.7092,10.919,12.472,-1.553
W,09/12/2012,5.1191,5.354,-0.2353,11.023,12.466,-1.443
T,09/11/2012,4.3183,5.217,-0.8989,11.008,12.463,-1.455
M,09/10/2012,4.7466,5.151,-0.4047,10.992,12.488,-1.496
F,09/07/2012,4.5599,5.084,-0.5242,11.726,12.487,-0.761
T,09/06/2012,7.9244,5.291,2.6336,11.775,12.495,-0.72
W,09/05/2012,7.5559,5.199,2.3566,11.748,12.701,-0.953
T,09/04/2012,8.1172,5.219,2.8977,11.796,12.706,-0.91
M,09/03/2012,8.4502,5.018,3.4318,12.282,12.712,-0.431
F,08/31/2012,8.39,6.23,2.1603,12.397,12.806,-0.409
T,08/30/2012,5.4718,5.43,0.0414,12.374,12.758,-0.384
W,08/29/2012,5.512,5.715,-0.2031,12.384,12.827,-0.443
T,08/28/2012,4.6711,6.096,-1.425,12.567,12.818,-0.252
M,08/27/2012,2.5715,6.445,-3.8735,12.571,12.944,-0.373
F,08/24/2012,2.5443,6.45,-3.9054,12.578,12.989,-0.411
T,08/23/2012,2.5468,6.772,-4.2251,13.232,12.987,0.245
W,08/22/2012,1.8853,7.069,-5.184,13.228,12.983,0.245
T,08/21/2012,2.5134,7.183,-4.6691,14.366,12.986,1.38
M,08/20/2012,2.7772,7.67,-4.893,15.092,13.004,2.088
F,08/17/2012,3.1346,7.873,-4.7388,15.209,13.002,2.208
T,08/16/2012,3.0557,8.049,-4.993,15.268,13,2.268
W,08/15/2012,4.254,8.047,-3.7929,15.294,13,2.294
T,08/14/2012,4.3969,8.433,-4.0365,15.287,13.037,2.251
M,08/13/2012,4.33,8.411,-4.0813,15.292,13.051,2.242
F,08/10/2012,4.1053,8.369,-4.2634,15.601,13.06,2.541
T,08/09/2012,8.6735,8.376,0.2971,15.643,13.077,2.566
W,08/08/2012,8.3114,8.252,0.0594,15.69,13.069,2.62
T,08/07/2012,8.9854,8.19,0.7955,15.94,13.068,2.873
M,08/06/2012,10.3706,8.224,2.1466,16.08,13.067,3.013
F,08/03/2012,11.8361,8.388,3.4485,16.083,13.065,3.018
T,08/02/2012,9.0613,7.688,1.3736,16.032,12.984,3.048
W,08/01/2012,9.9346,8.012,1.9225,16.12,12.984,3.136
T,07/31/2012,10.1534,9.247,0.9061,16.152,13.008,3.144
M,07/30/2012,9.0782,9.983,-0.9053,16.087,13.005,3.082
F,07/27/2012,8.9021,15.115,-6.213,16.212,12.955,3.256
T,07/26/2012,9.5981,15.109,-5.5113,16.209,12.986,3.223
W,07/25/2012,9.2716,14.979,-5.7079,16.169,13.002,3.168
T,07/24/2012,8.1008,14.928,-6.8267,16.122,12.996,3.126
M,07/23/2012,9.3999,14.901,-5.5007,16.106,12.986,3.12
F,07/20/2012,7.6006,14.69,-7.0898,16.048,12.946,3.101
T,07/19/2012,6.6034,15.731,-9.128,16.031,12.945,3.086
W,07/18/2012,5.6518,15.632,-9.9801,16,12.926,3.074
T,07/17/2012,5.669,16.551,-10.882,16.11,12.926,3.184
M,07/16/2012,1.5266,16.371,-14.8444,16.109,12.984,3.124
F,07/13/2012,2.3791,16.38,-14.0005,16.142,12.984,3.158
T,07/12/2012,4.2644,16.621,-12.3565,16.186,12.989,3.197
W,07/11/2012,5.3633,16.634,-11.2704,16.211,13.007,3.204
T,07/10/2012,7.2587,16.641,-9.3821,16.211,13.119,3.093
M,07/09/2012,12.5768,18.151,-5.5745,16.304,13.121,3.183
F,07/06/2012,15.5596,18.227,-2.6678,16.309,13.5,2.809
T,07/05/2012,28.358,18.144,10.2138,16.279,13.506,2.773
W,07/04/2012,28.1554,18.163,9.9926,16.256,13.515,2.742
T,07/03/2012,27.7759,19.044,8.7319,16.199,13.49,2.709
M,07/02/2012,26.0735,18.625,7.449,15.963,13.338,2.625
F,06/29/2012,24.4197,18.285,6.1346,15.764,13.545,2.219
T,06/28/2012,5.1071,14.102,-8.9944,14.304,12.709,1.595
W,06/27/2012,13.1408,14.662,-1.5208,14.315,12.708,1.606
T,06/26/2012,13.0323,14.773,-1.7407,14.317,12.72,1.597
M,06/25/2012,16.7411,14.689,2.0519,14.29,12.739,1.551
F,06/22/2012,16.7772,16.355,0.4226,14.299,12.734,1.565
T,06/21/2012,16.6792,16.333,0.3457,14.321,12.727,1.594
W,06/20/2012,12.8246,18.139,-5.3145,13.921,12.503,1.417
T,06/19/2012,12.9498,19.88,-6.9305,13.924,12.503,1.421
M,06/18/2012,6.683,19.414,-12.7307,13.592,12.329,1.263
F,06/15/2012,16.139,19.534,-3.395,13.769,12.432,1.337
T,06/14/2012,16.5601,19.592,-3.0314,13.766,12.487,1.279
W,06/13/2012,15.5116,19.389,-3.8774,13.688,12.451,1.237
T,06/12/2012,15.8818,19.39,-3.5086,13.739,12.495,1.244
M,06/11/2012,20.3191,20.149,0.1701,13.745,12.582,1.163
F,06/08/2012,15.2075,18.912,-3.7045,13.128,12.305,0.823
T,06/07/2012,15.8413,18.994,-3.1522,13.496,12.541,0.955
W,06/06/2012,16.0208,19.656,-3.6347,13.506,12.551,0.955
T,06/05/2012,17.6081,19.921,-2.3133,13.503,12.566,0.937
M,06/04/2012,12.8406,18.946,-6.1053,13.221,12.325,0.896
F,06/01/2012,11.3669,18.939,-7.5718,13.138,12.279,0.858
T,05/31/2012,17.7613,18.969,-1.2073,13.176,12.236,0.94
W,05/30/2012,17.6459,19.119,-1.4728,13.169,12.246,0.923
T,05/29/2012,25.5297,18.691,6.8385,13.257,12.156,1.102
M,05/28/2012,30.219,19.128,11.0914,13.301,12.461,0.839
F,05/25/2012,30.9349,19.107,11.8283,13.291,12.549,0.742
T,05/24/2012,27.581,17.696,9.8847,12.636,12.348,0.289
W,05/23/2012,27.7451,17.69,10.055,12.639,12.357,0.281
T,05/22/2012,19.0122,14.686,4.3263,11.367,11.935,-0.567
M,05/21/2012,9.322,12.287,-2.9648,10.383,12.144,-1.761
F,05/18/2012,12.9166,11.894,1.0228,10.206,12.083,-1.876
T,05/17/2012,12.6501,11.647,1.0029,10.115,12.223,-2.108
W,05/16/2012,13.3167,12.003,1.3137,10.18,12.206,-2.026
T,05/15/2012,16.862,12.285,4.5771,10.219,12.225,-2.006
M,05/14/2012,18.4361,12.386,6.0503,10.242,12.226,-1.984
F,05/11/2012,14.6739,11.294,3.3795,9.801,12.022,-2.221
T,05/10/2012,15.3464,11.232,4.1142,9.746,12.116,-2.371
W,05/09/2012,15.7154,10.936,4.7795,9.648,12.23,-2.582
T,05/08/2012,13.0096,10.168,2.8411,9.211,12.088,-2.876
M,05/07/2012,10.5141,9.518,0.9958,8.962,12.58,-3.618
F,05/04/2012,13.9257,9.487,4.4387,8.972,12.627,-3.655
T,05/03/2012,12.492,9.028,3.4642,8.818,12.577,-3.758
W,05/02/2012,10.9332,8.493,2.4406,8.787,12.584,-3.797
T,05/01/2012,9.5138,8.167,1.3465,8.768,12.56,-3.792
M,04/30/2012,9.5019,8.233,1.2688,8.769,12.559,-3.79
F,04/27/2012,3.2579,6.949,-3.6911,8.483,12.639,-4.157
T,04/26/2012,4.2243,7.026,-2.8017,8.618,12.806,-4.189
W,04/25/2012,3.8995,7.044,-3.145,8.68,12.879,-4.199
T,04/24/2012,7.7815,7.096,0.6855,8.677,13.498,-4.821
M,04/23/2012,9.4594,7.209,2.2502,8.695,13.508,-4.814
F,04/20/2012,9.8572,7.313,2.5438,8.727,13.528,-4.802
T,04/19/2012,10.4146,7.196,3.2182,8.696,13.618,-4.922
W,04/18/2012,10.9609,7.218,3.7433,8.696,13.629,-4.933
T,04/17/2012,8.6331,6.511,2.1225,8.794,13.582,-4.787
M,04/16/2012,9.2055,7.185,2.0208,8.667,13.637,-4.97
F,04/13/2012,8.7227,6.954,1.7687,8.618,13.628,-5.01
T,04/12/2012,7.5874,6.728,0.8592,8.596,13.779,-5.183
W,04/11/2012,6.9236,6.896,0.0272,8.876,13.842,-4.966
T,04/10/2012,6.8985,6.945,-0.0464,8.881,13.927,-5.046
M,04/09/2012,3.8906,6.332,-2.4414,9.805,13.88,-4.074
F,04/06/2012,3.8372,8.526,-4.6888,9.85,13.875,-4.025
T,04/05/2012,4.3272,8.572,-4.2449,9.919,13.874,-3.955
W,04/04/2012,4.5907,8.734,-4.1437,9.938,13.891,-3.953
T,04/03/2012,5.0038,9.567,-4.5628,9.939,14.475,-4.536
M,04/02/2012,4.6725,9.611,-4.9381,10.771,14.587,-3.816
F,03/30/2012,4.8869,10.126,-5.2388,10.782,14.809,-4.027
T,03/29/2012,5.6959,10.118,-4.4221,10.769,14.832,-4.063
W,03/28/2012,5.2939,11.168,-5.8742,10.79,15.113,-4.323
T,03/27/2012,5.0573,11.46,-6.4024,10.87,15.108,-4.238
M,03/26/2012,5.2057,11.424,-6.2184,10.858,15.354,-4.496
F,03/23/2012,9.3808,11.351,-1.9704,10.833,15.409,-4.577
T,03/22/2012,8.6961,11.243,-2.5474,10.793,15.412,-4.618
W,03/21/2012,9.0047,11.366,-2.3614,10.793,16.363,-5.57
T,03/20/2012,10.055,11.349,-1.2942,10.832,16.428,-5.596
M,03/19/2012,9.9537,11.293,-1.3398,11.063,18.158,-7.095
F,03/16/2012,6.0273,10.559,-4.5316,10.953,18.11,-7.157
T,03/15/2012,13.3527,10.863,2.4893,10.988,18.844,-7.856
W,03/14/2012,13.2687,10.92,2.3492,11.079,18.96,-7.881
T,03/13/2012,12.9847,10.788,2.1965,11.202,18.948,-7.746
M,03/12/2012,15.146,10.889,4.2571,11.338,18.949,-7.611
F,03/09/2012,15.319,10.874,4.4451,11.872,18.954,-7.082
T,03/08/2012,11.8337,9.226,2.6078,11.423,18.968,-7.545
W,03/07/2012,11.8354,9.187,2.6487,11.495,18.995,-7.5
T,03/06/2012,14.9837,9.004,5.9792,11.471,18.98,-7.509
M,03/05/2012,13.8643,8.188,5.676,11.289,18.92,-7.63
F,03/02/2012,13.4925,8.071,5.4211,11.278,18.936,-7.657
T,03/01/2012,11.594,7.839,3.7547,11.156,18.89,-7.734
W,02/29/2012,11.5507,8.166,3.3844,11.184,18.973,-7.79
T,02/28/2012,6.838,6.586,0.2523,11.563,19.057,-7.494
M,02/27/2012,3.871,6.404,-2.533,11.658,19.032,-7.373
F,02/24/2012,3.8257,6.938,-3.1119,11.955,19.034,-7.08
T,02/23/2012,3.8851,7.219,-3.3343,11.98,19.067,-7.087
W,02/22/2012,6.3511,7.178,-0.8271,12.425,19.07,-6.645
T,02/21/2012,6.2683,7.052,-0.7833,13.597,19.062,-5.464
M,02/20/2012,6.9961,7.278,-0.2817,13.623,19.122,-5.499
F,02/17/2012,7.8343,7.285,0.5496,13.937,19.144,-5.208
T,02/16/2012,8.0429,7.281,0.7621,13.936,19.154,-5.218
W,02/15/2012,6.3343,7.919,-1.5843,13.894,19.126,-5.233
T,02/14/2012,5.4521,7.757,-2.3045,13.874,19.145,-5.271
M,02/13/2012,4.5083,7.656,-3.1478,13.847,19.137,-5.29
F,02/10/2012,3.6085,7.677,-4.0689,14.024,19.125,-5.101
T,02/09/2012,3.4175,8.718,-5.3008,14.284,19.227,-4.944
W,02/08/2012,6.3763,8.696,-2.32,14.324,19.265,-4.942
T,02/07/2012,8.1058,11.762,-3.6561,15.29,19.265,-3.975
M,02/06/2012,8.1322,11.928,-3.7963,15.374,19.533,-4.159
F,02/03/2012,9.103,12.058,-2.9547,15.374,19.811,-4.437
T,02/02/2012,10.5152,12.105,-1.5897,15.478,20.304,-4.827
W,02/01/2012,9.7578,11.787,-2.0294,15.433,20.302,-4.869
T,01/31/2012,8.3513,13.704,-5.3531,15.369,20.434,-5.065
M,01/30/2012,8.5699,13.769,-5.1994,15.709,20.435,-4.726
F,01/27/2012,8.0742,13.584,-5.5099,15.923,20.416,-4.493
T,01/26/2012,5.9475,13.412,-7.4647,15.973,20.443,-4.47
W,01/25/2012,4.339,13.496,-9.1574,16.92,20.479,-3.559
T,01/24/2012,9.3426,13.499,-4.156,16.938,20.501,-3.563
M,01/23/2012,9.1181,13.46,-4.3422,16.974,20.547,-3.573
F,01/20/2012,8.5251,13.355,-4.8297,17.102,20.534,-3.433
T,01/19/2012,9.2765,13.353,-4.0762,17.119,20.563,-3.444
W,01/18/2012,12.6999,13.461,-0.7616,17.147,20.562,-3.415
T,01/17/2012,9.7153,13.483,-3.7681,17.145,20.53,-3.385
M,01/16/2012,18.9227,13.801,5.122,17.163,20.531,-3.368
F,01/13/2012,19.2808,13.863,5.4177,17.434,20.554,-3.12
T,01/12/2012,19.3929,14.017,5.3763,17.529,20.541,-3.012
W,01/11/2012,17.546,13.862,3.6843,17.499,20.474,-2.975
T,01/10/2012,17.5091,14.213,3.2964,17.507,20.474,-2.968
M,01/09/2012,16.5368,13.371,3.1654,16.921,20.225,-3.304
F,01/06/2012,16.2729,13.277,2.9955,16.883,20.21,-3.327
T,01/05/2012,15.7247,13.338,2.3868,16.875,20.239,-3.364
W,01/04/2012,15.8328,13.337,2.4958,17.807,20.249,-2.442
T,01/03/2012,16.6347,13.424,3.2106,18.001,20.302,-2.301
M,01/02/2012,6.8,11.269,-4.469,17.878,20.085,-2.207
F,12/30/2011,6.1732,11.311,-5.1383,17.908,20.107,-2.199
T,12/29/2011,6.2651,11.426,-5.1609,18.376,20.112,-1.736
W,12/28/2011,5.3558,13.349,-7.9936,18.354,20.108,-1.754
T,12/27/2011,3.8569,13.649,-9.7924,18.708,20.086,-1.378
M,12/26/2011,9.2501,14.422,-5.1715,18.812,20.102,-1.29
F,12/23/2011,11.0505,14.487,-3.4362,18.842,20.166,-1.324
T,12/22/2011,11.4355,15.61,-4.1748,20.368,20.187,0.182
W,12/21/2011,12.7423,18.464,-5.7215,20.475,20.221,0.254
T,12/20/2011,14.3951,18.44,-4.0451,23.183,20.209,2.974
M,12/19/2011,13.3872,18.706,-5.3191,23.102,20.147,2.956
F,12/16/2011,17.5806,18.474,-0.8932,24.183,20.135,4.047
T,12/15/2011,17.4638,18.487,-1.0234,24.354,20.126,4.229
W,12/14/2011,17.2661,18.306,-1.0403,24.32,20.1,4.221
T,12/13/2011,15.7456,17.929,-2.1834,24.236,20.046,4.19
M,12/12/2011,14.6641,18.15,-3.4859,24.184,20.06,4.124
F,12/09/2011,7.476,17.705,-10.2291,24.167,19.899,4.268
T,12/08/2011,7.8603,17.785,-9.9246,24.204,19.931,4.273
W,12/07/2011,6.9574,19.976,-13.0182,24.164,19.945,4.219
T,12/06/2011,15.8765,20.133,-4.256,24.16,19.94,4.221
M,12/05/2011,17.3874,20.103,-2.7155,24.186,19.93,4.256
F,12/02/2011,19.6574,20.321,-0.6634,24.18,19.924,4.256
T,12/01/2011,19.5487,20.333,-0.7839,24.295,19.913,4.382
W,11/30/2011,22.68,20.265,2.4151,24.561,19.902,4.659
T,11/29/2011,26.6842,19.832,6.8524,24.24,19.771,4.469
M,11/28/2011,25.7015,20.128,5.5739,24.149,19.752,4.397
F,11/25/2011,26.1098,19.886,6.2242,24.053,19.68,4.373
T,11/24/2011,25.9628,22.227,3.7356,24.05,19.739,4.31
W,11/23/2011,23.2976,21.486,1.8113,23.825,19.607,4.219
T,11/22/2011,11.7496,19.215,-7.4656,23.254,19.247,4.008
M,11/21/2011,11.3639,19.591,-8.2271,23.276,19.246,4.03
F,11/18/2011,9.6495,18.945,-9.2959,23.107,19.15,3.957
T,11/17/2011,13.866,19.025,-5.1594,23.107,19.163,3.944
W,11/16/2011,14.0707,19.367,-5.2965,23.135,19.166,3.969
T,11/15/2011,23.8014,19.394,4.4071,23.132,19.163,3.968
M,11/14/2011,24.4984,20.148,4.3501,23.132,19.164,3.968
F,11/11/2011,22.9953,20.031,2.9641,23.18,19.158,4.022
T,11/10/2011,21.7635,19.807,1.957,23.083,19.058,4.025
W,11/09/2011,21.6715,19.728,1.9434,23.053,19.048,4.005
T,11/08/2011,9.8642,17.349,-7.4851,22.879,18.68,4.199
M,11/07/2011,14.1983,17.117,-2.9192,23.302,18.668,4.634
F,11/04/2011,17.5067,17.183,0.3238,24.125,18.664,5.461
T,11/03/2011,17.6896,19.659,-1.969,24.102,18.618,5.484
W,11/02/2011,26.8481,20.118,6.7301,24.341,18.616,5.725
T,11/01/2011,26.9919,21.118,5.8743,24.344,18.618,5.726
M,10/31/2011,24.7169,20.454,4.2626,24.128,18.664,5.464
F,10/28/2011,23.8969,21.094,2.803,24.045,18.549,5.496
T,10/27/2011,22.9866,20.806,2.1807,24.052,18.525,5.527
W,10/26/2011,10.9233,19.476,-8.5524,23.406,18.079,5.327
T,10/25/2011,13.3852,19.739,-6.3541,23.48,18.091,5.389
M,10/24/2011,12.9271,19.705,-6.7779,23.447,18.078,5.368
F,10/21/2011,14.9047,23.606,-8.7014,23.382,18.014,5.368
T,10/20/2011,16.4578,23.85,-7.3925,23.369,18.008,5.36
W,10/19/2011,17.879,30.572,-12.6928,23.404,17.994,5.41
T,10/18/2011,16.0392,30.396,-14.3567,23.295,17.921,5.373
M,10/17/2011,15.8401,32.997,-17.1568,23.326,17.943,5.384
F,10/14/2011,11.2161,32.974,-21.7577,23.119,17.839,5.28
T,10/13/2011,9.1433,32.805,-23.6622,23.032,17.816,5.216
W,10/12/2011,21.1928,32.595,-11.4018,22.931,17.749,5.182
T,10/11/2011,23.1277,32.613,-9.4857,22.927,17.76,5.168
M,10/10/2011,26.5726,33.17,-6.5973,22.925,17.838,5.087
F,10/07/2011,26.9839,33.276,-6.2921,23.006,17.891,5.115
T,10/06/2011,30.5814,33.224,-2.643,23.011,17.923,5.088
W,10/05/2011,22.5367,31.674,-9.1371,22.382,17.527,4.854
T,10/04/2011,24.7795,31.429,-6.6497,22.233,17.609,4.624
M,10/03/2011,22.1823,30.781,-8.5987,21.986,17.424,4.562
F,09/30/2011,22.0125,31.022,-9.0094,21.957,17.402,4.555
T,09/29/2011,32.2913,30.864,1.4274,21.577,17.163,4.414
W,09/28/2011,33.1568,30.89,2.2666,21.583,17.302,4.281
T,09/27/2011,49.5147,30.133,19.3818,21.26,17.083,4.177
M,09/26/2011,49.2251,30.056,19.1686,21.289,17.092,4.196
F,09/23/2011,55.7605,30.02,25.7404,21.304,17.138,4.166
T,09/22/2011,49.4796,26.768,22.7113,19.915,16.232,3.683
W,09/21/2011,49.008,26.779,22.2295,19.806,16.167,3.638
T,09/20/2011,29.2627,18.802,10.4611,16.539,14.189,2.35
M,09/19/2011,29.053,18.725,10.3279,16.545,14.161,2.384
F,09/16/2011,17.2914,13.558,3.7333,14.828,13.167,1.661
T,09/15/2011,14.4873,12.75,1.7376,14.529,13.007,1.521
W,09/14/2011,14.1341,12.669,1.4654,14.505,13.006,1.499
T,09/13/2011,14.1626,12.634,1.5288,14.648,13.043,1.605
M,09/12/2011,14.7102,13.501,1.2089,14.621,13.028,1.593
F,09/09/2011,8.0282,12.451,-4.4223,14.312,12.803,1.51
T,09/08/2011,10.9282,12.165,-1.2365,14.339,12.765,1.574
W,09/07/2011,17.3162,14.554,2.7623,14.343,12.766,1.576
T,09/06/2011,17.3788,16.707,0.6713,14.33,12.782,1.548
M,09/05/2011,16.6989,19.877,-3.1778,14.264,12.743,1.521
F,09/02/2011,17.5198,20.033,-2.513,14.255,12.737,1.517
T,09/01/2011,15.0898,20.502,-5.4118,14.025,12.608,1.417
W,08/31/2011,7.1667,19.434,-12.2676,13.739,12.327,1.411
T,08/30/2011,10.1718,19.404,-9.2319,13.832,12.318,1.514
M,08/29/2011,11.0836,19.741,-8.657,13.876,12.326,1.55
F,08/26/2011,10.0749,19.879,-9.8042,13.976,12.276,1.7
T,08/25/2011,9.8093,19.987,-10.178,13.986,12.268,1.719
W,08/24/2011,11.0221,20.275,-9.2528,14.105,12.262,1.842
T,08/23/2011,8.0062,19.926,-11.9195,13.966,12.198,1.767
M,08/22/2011,6.4783,19.976,-13.498,13.953,12.166,1.787
F,08/19/2011,11.706,19.914,-8.2084,13.959,12.153,1.805
T,08/18/2011,13.3418,20.119,-6.7769,14.002,12.16,1.842
W,08/17/2011,12.1927,19.949,-7.7568,13.923,12.114,1.809
T,08/16/2011,20.3792,20.103,0.2761,13.92,12.126,1.793
M,08/15/2011,26.5065,20.102,6.4046,14.114,12.127,1.988
F,08/12/2011,33.3186,19.494,13.8247,13.826,11.96,1.866
T,08/11/2011,33.1497,19.253,13.8962,13.734,11.893,1.841
W,08/10/2011,35.5421,19.269,16.2729,13.773,11.896,1.877
T,08/09/2011,31.5678,17.539,14.0291,13.068,11.469,1.599
M,08/08/2011,26.6637,15.831,10.833,12.198,10.979,1.219
F,08/05/2011,16.0068,11.519,4.4883,10.456,10.074,0.381
T,08/04/2011,16.7686,11.785,4.9838,10.389,10.02,0.369
W,08/03/2011,11.8422,10.039,1.8031,9.768,9.71,0.058
T,08/02/2011,13.8401,10.386,3.4539,10.455,9.708,0.747
M,08/01/2011,13.7728,10.431,3.342,10.448,9.705,0.743
F,07/29/2011,12.7343,9.818,2.9164,10.334,9.592,0.742
T,07/28/2011,10.363,9.175,1.1883,10.13,9.555,0.575
W,07/27/2011,10.8791,9.09,1.7892,10.113,9.521,0.592
T,07/26/2011,8.156,9.273,-1.1175,9.945,9.438,0.507
M,07/25/2011,9.6916,9.567,0.1249,9.984,9.443,0.541
F,07/22/2011,7.9444,9.624,-1.6799,9.875,9.381,0.494
T,07/21/2011,8.2119,9.626,-1.4137,9.875,9.399,0.475
W,07/20/2011,5.91,9.269,-3.3592,9.739,9.331,0.408
T,07/19/2011,6.0504,9.57,-3.5199,9.845,9.329,0.515
M,07/18/2011,3.1462,9.228,-6.0821,9.854,9.272,0.582
F,07/15/2011,7.6159,9.288,-1.6726,9.99,9.29,0.7
T,07/14/2011,8.445,9.249,-0.8042,9.976,9.289,0.687
W,07/13/2011,11.1932,9.943,1.2503,10.026,9.344,0.681
T,07/12/2011,11.2721,9.91,1.3616,10.295,9.34,0.955
M,07/11/2011,12.5553,10.368,2.1872,10.474,9.429,1.045
F,07/08/2011,10.7398,10.272,0.4682,10.459,9.331,1.128
T,07/07/2011,10.1895,10.08,0.109,10.633,9.304,1.328
W,07/06/2011,7.1704,9.398,-2.2279,11.019,9.19,1.83
T,07/05/2011,7.9987,9.361,-1.362,11.023,9.241,1.782
M,07/04/2011,9.9836,8.956,1.0279,10.924,9.242,1.682
F,07/01/2011,10.8222,8.884,1.9386,10.933,9.302,1.631
T,06/30/2011,12.0975,9.788,2.3093,11.34,9.351,1.989
W,06/29/2011,11.9578,10.227,1.7306,11.336,9.343,1.992
T,06/28/2011,11.4969,10.246,1.2507,11.478,9.454,2.024
M,06/27/2011,9.4875,10.259,-0.7717,11.438,9.371,2.067
F,06/24/2011,8.1983,10.092,-1.894,11.359,9.334,2.026
T,06/23/2011,6.0361,10.233,-4.197,11.247,9.269,1.978
W,06/22/2011,6.1319,10.327,-4.195,11.247,9.269,1.979
T,06/21/2011,9.4492,10.458,-1.009,11.232,9.29,1.942
M,06/20/2011,8.0274,10.317,-2.2897,11.146,9.246,1.901
F,06/17/2011,10.184,10.495,-0.3113,11.183,9.29,1.893
T,06/16/2011,11.7801,10.451,1.3289,11.198,9.295,1.903
W,06/15/2011,11.7815,10.441,1.3409,11.293,9.328,1.965
T,06/14/2011,9.0028,10.59,-1.587,11.094,9.21,1.884
M,06/13/2011,9.0864,10.598,-1.512,11.114,9.211,1.902
F,06/10/2011,6.5573,10.238,-3.6811,10.992,9.134,1.859
T,06/09/2011,1.9171,9.937,-8.0202,10.855,9.11,1.746
W,06/08/2011,8.9127,10.18,-1.2677,10.905,9.111,1.793
T,06/07/2011,10.9424,10.199,0.7429,10.905,9.266,1.64
M,06/06/2011,11.7005,10.183,1.5176,10.9,9.28,1.62
F,06/03/2011,14.3134,10.318,3.9955,10.9,9.305,1.594
T,06/02/2011,14.6101,10.334,4.2764,10.898,9.344,1.554
W,06/01/2011,13.5558,11.479,2.0764,10.627,9.228,1.398
T,05/31/2011,12.3124,11.052,1.2605,10.508,9.181,1.327
M,05/30/2011,12.2723,11.146,1.1263,10.44,9.175,1.265
F,05/27/2011,9.7473,10.402,-0.6551,10.186,9.033,1.153
T,05/26/2011,10.1023,10.516,-0.4134,10.155,9.042,1.113
W,05/25/2011,7.4419,10.07,-2.6284,10.045,8.952,1.093
T,05/24/2011,6.8941,10.095,-3.2008,10.021,8.934,1.087
M,05/23/2011,10.0458,9.915,0.1307,9.963,8.98,0.983
F,05/20/2011,9.4422,9.763,-0.3212,9.932,9.062,0.87
T,05/19/2011,9.0195,9.566,-0.5463,9.873,9.027,0.845
W,05/18/2011,9.7349,9.897,-0.1617,9.905,9.036,0.869
T,05/17/2011,10.7827,10.244,0.5383,9.905,9.093,0.812
M,05/16/2011,6.8538,9.817,-2.963,9.632,8.941,0.69
F,05/13/2011,6.8041,9.816,-3.0115,9.63,8.94,0.69
T,05/12/2011,7.0603,9.897,-2.837,9.605,8.924,0.681
W,05/11/2011,6.117,10.591,-4.4735,9.59,8.908,0.683
T,05/10/2011,14.0574,10.891,3.1667,9.517,8.884,0.633
M,05/09/2011,13.9932,11.343,2.6504,9.598,8.9,0.697
F,05/06/2011,14.9393,12.009,2.9301,9.603,8.9,0.703
T,05/05/2011,14.5681,13.441,1.127,9.584,9.079,0.505
W,05/04/2011,15.1458,13.475,1.6708,9.578,9.075,0.503
T,05/03/2011,7.4977,11.785,-4.2877,8.819,8.887,-0.067
M,05/02/2011,8.1612,11.871,-3.7095,8.828,8.893,-0.065
F,04/29/2011,6.4597,12.801,-6.3418,8.868,8.839,0.03
T,04/28/2011,6.3947,12.816,-6.4213,8.893,8.855,0.038
W,04/27/2011,4.6844,13.186,-8.5021,8.864,8.859,0.005
T,04/26/2011,6.389,13.595,-7.2059,8.836,8.866,-0.03
M,04/25/2011,7.7648,13.504,-5.7392,8.793,8.955,-0.162
F,04/22/2011,9.6318,13.502,-3.8698,8.822,8.969,-0.147
T,04/21/2011,9.6668,13.505,-3.8384,8.829,9.005,-0.176
,,,,,,,
