"","Date","USDBRLV1W","USDBRLV1M","USDBRLV3M","USDBRLV6M","USDBRLH1W","USDBRLH1M","USDBRLH3M","USDBRLH6M"
"912","04/21/2011",10.085,10.387,10.733,11.738,9.6668,13.505,8.829,9.005
"908","04/22/2011",9.815,10.33,10.702,11.73,9.6318,13.502,8.822,8.969
"896","04/25/2011",10.385,10.693,10.83,11.783,7.7648,13.504,8.793,8.955
"892","04/26/2011",10.545,10.665,10.93,11.773,6.389,13.595,8.836,8.866
"889","04/27/2011",11.07,10.878,11.045,11.878,4.6844,13.186,8.864,8.859
"886","04/28/2011",12.03,11.51,11.675,12.208,6.3947,12.816,8.893,8.855
"883","04/29/2011",11.775,11.597,11.625,12.198,6.4597,12.801,8.868,8.839
"871","05/02/2011",11.13,11.257,11.538,12.08,8.1612,11.871,8.828,8.893
"867","05/03/2011",11.995,11.825,11.885,12.318,7.4977,11.785,8.819,8.887
"864","05/04/2011",12.4325,12.372,12.385,12.67,15.1458,13.475,9.578,9.075
"861","05/05/2011",15.2125,13.298,13.165,13.247,14.5681,13.441,9.584,9.079
"858","05/06/2011",13.465,12.753,12.727,13.115,14.9393,12.009,9.603,8.9
"846","05/09/2011",12.965,12.827,12.743,12.98,13.9932,11.343,9.598,8.9
"842","05/10/2011",12.27,12.355,12.49,12.88,14.0574,10.891,9.517,8.884
"839","05/11/2011",12.095,12.122,12.365,12.792,6.117,10.591,9.59,8.908
"836","05/12/2011",12.685,12.5,12.615,13.03,7.0603,9.897,9.605,8.924
"833","05/13/2011",13.365,12.847,12.868,13.145,6.8041,9.816,9.63,8.94
"821","05/16/2011",13.44,13.148,13.067,13.283,6.8538,9.817,9.632,8.941
"817","05/17/2011",13.4425,13.128,13.173,13.42,10.7827,10.244,9.905,9.093
"814","05/18/2011",12.8025,12.765,12.878,13.283,9.7349,9.897,9.905,9.036
"811","05/19/2011",12.285,12.38,12.808,13.358,9.0195,9.566,9.873,9.027
"808","05/20/2011",12.2175,12.09,12.625,13.333,9.4422,9.763,9.932,9.062
"796","05/23/2011",12.695,13.028,13.125,13.642,10.0458,9.915,9.963,8.98
"792","05/24/2011",11.74,12.443,12.835,13.465,6.8941,10.095,10.021,8.934
"789","05/25/2011",12.4475,12.595,12.852,13.52,7.4419,10.07,10.045,8.952
"786","05/26/2011",11.245,12.017,12.567,13.355,10.1023,10.516,10.155,9.042
"783","05/27/2011",11.16,11.738,12.538,13.298,9.7473,10.402,10.186,9.033
"771","05/30/2011",11.035,11.642,12.343,13.205,12.2723,11.146,10.44,9.175
"767","05/31/2011",10.285,10.878,11.805,12.8,12.3124,11.052,10.508,9.181
"764","06/01/2011",10.69,10.952,11.763,12.727,13.5558,11.479,10.627,9.228
"761","06/02/2011",10.845,10.767,11.65,12.675,14.6101,10.334,10.898,9.344
"758","06/03/2011",10.155,10.382,11.445,12.548,14.3134,10.318,10.9,9.305
"746","06/06/2011",9.995,10.507,11.465,12.563,11.7005,10.183,10.9,9.28
"742","06/07/2011",9.825,10.233,11.31,12.488,10.9424,10.199,10.905,9.266
"739","06/08/2011",10.06,10.352,11.375,12.517,8.9127,10.18,10.905,9.111
"736","06/09/2011",10.1,10.16,11.385,12.568,1.9171,9.937,10.855,9.11
"733","06/10/2011",10.365,10.368,11.44,12.622,6.5573,10.238,10.992,9.134
"721","06/13/2011",10.11,10.718,11.517,12.673,9.0864,10.598,11.114,9.211
"717","06/14/2011",9.9275,10.493,11.352,12.493,9.0028,10.59,11.094,9.21
"714","06/15/2011",11.4775,11.177,11.843,12.81,11.7815,10.441,11.293,9.328
"711","06/16/2011",12.23,11.9,12.368,13.13,11.7801,10.451,11.198,9.295
"708","06/17/2011",11.385,11.413,12.115,12.972,10.184,10.495,11.183,9.29
"696","06/20/2011",11.15,11.45,12.145,13.023,8.0274,10.317,11.146,9.246
"692","06/21/2011",10.075,11.115,11.743,12.653,9.4492,10.458,11.232,9.29
"689","06/22/2011",10.155,10.67,11.573,12.538,6.1319,10.327,11.247,9.269
"686","06/23/2011",10.955,11.128,11.913,12.773,6.0361,10.233,11.247,9.269
"683","06/24/2011",10.935,11.167,11.95,12.788,8.1983,10.092,11.359,9.334
"671","06/27/2011",10.8375,11.375,11.948,12.813,9.4875,10.259,11.438,9.371
"667","06/28/2011",10.29,10.887,11.735,12.677,11.4969,10.246,11.478,9.454
"664","06/29/2011",9.9925,10.69,11.528,12.55,11.9578,10.227,11.336,9.343
"661","06/30/2011",9.965,10.198,11.14,12.352,12.0975,9.788,11.34,9.351
"658","07/01/2011",9.25,9.827,10.927,12.19,10.8222,8.884,10.933,9.302
"646","07/04/2011",9.415,9.975,10.98,12.215,9.9836,8.956,10.924,9.242
"642","07/05/2011",9.51,10.128,10.972,12.182,7.9987,9.361,11.023,9.241
"639","07/06/2011",9.515,10.118,11.028,12.265,7.1704,9.398,11.019,9.19
"636","07/07/2011",9.5875,9.988,10.972,12.113,10.1895,10.08,10.633,9.304
"633","07/08/2011",9.54,10.083,10.98,12.227,10.7398,10.272,10.459,9.331
"621","07/11/2011",10.975,10.95,11.445,12.52,12.5553,10.368,10.474,9.429
"617","07/12/2011",11.435,11.358,11.817,12.648,11.2721,9.91,10.295,9.34
"614","07/13/2011",10.98,11.205,11.68,12.575,11.1932,9.943,10.026,9.344
"611","07/14/2011",10.79,10.907,11.593,12.515,8.445,9.249,9.976,9.289
"608","07/15/2011",10.195,10.7,11.47,12.483,7.6159,9.288,9.99,9.29
"596","07/18/2011",10.14,10.753,11.4,12.427,3.1462,9.228,9.854,9.272
"592","07/19/2011",9.6,10.238,11.128,12.313,6.0504,9.57,9.845,9.329
"589","07/20/2011",9.13,9.977,11,12.195,5.91,9.269,9.739,9.331
"586","07/21/2011",9.45,9.903,10.948,12.163,8.2119,9.626,9.875,9.399
"583","07/22/2011",9.2875,9.923,10.875,12.145,7.9444,9.624,9.875,9.381
"571","07/25/2011",9.59,10.067,10.875,12.105,9.6916,9.567,9.984,9.443
"567","07/26/2011",9.82,10.23,10.932,12.09,8.156,9.273,9.945,9.438
"564","07/27/2011",11.98,12.135,12.002,12.343,10.8791,9.09,10.113,9.521
"561","07/28/2011",12.47,11.95,12.237,12.79,10.363,9.175,10.13,9.555
"558","07/29/2011",12.2475,11.938,12.045,12.858,12.7343,9.818,10.334,9.592
"546","08/01/2011",12.62,12.075,12.257,12.832,13.7728,10.431,10.448,9.705
"542","08/02/2011",12.865,12.34,12.405,12.935,13.8401,10.386,10.455,9.708
"539","08/03/2011",13.075,12.288,12.378,12.9,11.8422,10.039,9.768,9.71
"536","08/04/2011",14.1,12.92,12.977,13.368,16.7686,11.785,10.389,10.02
"533","08/05/2011",14.0825,13.132,13.095,13.585,16.0068,11.519,10.456,10.074
"521","08/08/2011",17.085,15.175,14.787,14.837,26.6637,15.831,12.198,10.979
"517","08/09/2011",20.2325,17.372,16.142,16.002,31.5678,17.539,13.068,11.469
"514","08/10/2011",18.56,17.52,16.72,16.417,35.5421,19.269,13.773,11.896
"511","08/11/2011",20.7475,18.167,17.112,16.712,33.1497,19.253,13.734,11.893
"508","08/12/2011",17.0525,16.267,15.862,15.665,33.3186,19.494,13.826,11.96
"496","08/15/2011",15.0125,15.32,15.315,15.365,26.5065,20.102,14.114,12.127
"492","08/16/2011",15.08,15.12,15.112,15.275,20.3792,20.103,13.92,12.126
"489","08/17/2011",13.6925,13.862,14.217,14.605,12.1927,19.949,13.923,12.114
"486","08/18/2011",16.2275,15.342,15.177,15.358,13.3418,20.119,14.002,12.16
"483","08/19/2011",15.77,14.762,14.932,15.35,11.706,19.914,13.959,12.153
"471","08/22/2011",14.77,14.62,14.86,15.235,6.4783,19.976,13.953,12.166
"467","08/23/2011",15.4825,14.887,15.02,15.41,8.0062,19.926,13.966,12.198
"464","08/24/2011",16.0425,15.332,15.387,15.74,11.0221,20.275,14.105,12.262
"461","08/25/2011",16.545,15.485,15.68,15.875,9.8093,19.987,13.986,12.268
"458","08/26/2011",14.78,14.563,14.802,15.438,10.0749,19.879,13.976,12.276
"446","08/29/2011",13.835,14.185,14.68,15.182,11.0836,19.741,13.876,12.326
"442","08/30/2011",13.73,14.207,14.637,15.2,10.1718,19.404,13.832,12.318
"439","08/31/2011",13.555,13.97,14.467,15.077,7.1667,19.434,13.739,12.327
"436","09/01/2011",14.1925,14.357,14.785,15.285,15.0898,20.502,14.025,12.608
"433","09/02/2011",15.205,15.38,15.61,15.792,17.5198,20.033,14.255,12.737
"421","09/05/2011",15.665,16.025,15.845,15.965,16.6989,19.877,14.264,12.743
"417","09/06/2011",16.145,16.36,16.18,16.263,17.3788,16.707,14.33,12.782
"414","09/07/2011",16.075,16.125,16.095,16.15,17.3162,14.554,14.343,12.766
"411","09/08/2011",15.4325,15.44,15.827,16.02,10.9282,12.165,14.339,12.765
"408","09/09/2011",17.06,15.985,16.38,16.565,8.0282,12.451,14.312,12.803
"396","09/12/2011",18.1125,17.717,17.355,17.265,14.7102,13.501,14.621,13.028
"392","09/13/2011",17.575,17.64,17.4,17.313,14.1626,12.634,14.648,13.043
"389","09/14/2011",18.6075,18.212,17.902,17.845,14.1341,12.669,14.505,13.006
"386","09/15/2011",17.695,17.423,17.702,17.775,14.4873,12.75,14.529,13.007
"383","09/16/2011",18.4025,17.91,17.962,17.892,17.2914,13.558,14.828,13.167
"371","09/19/2011",22.055,20.692,19.42,19.342,29.053,18.725,16.545,14.161
"367","09/20/2011",22.8125,21.042,19.925,19.565,29.2627,18.802,16.539,14.189
"364","09/21/2011",31.545,26.842,24.072,22.97,49.008,26.779,19.806,16.167
"361","09/22/2011",37.86,31.31,27.63,24.845,49.4796,26.768,19.915,16.232
"358","09/23/2011",33.01,28.725,26.302,24.515,55.7605,30.02,21.304,17.138
"346","09/26/2011",31.7025,29.27,26.42,24.26,49.2251,30.056,21.289,17.092
"342","09/27/2011",29.0025,26.212,24.78,23.495,49.5147,30.133,21.26,17.083
"339","09/28/2011",27.945,26.06,24.557,23.67,33.1568,30.89,21.583,17.302
"336","09/29/2011",31.005,26.715,25.3,24.545,32.2913,30.864,21.577,17.163
"333","09/30/2011",31.3575,27.72,25.052,24.28,22.0125,31.022,21.957,17.402
"321","10/03/2011",30.215,28.107,26.052,25.205,22.1823,30.781,21.986,17.424
"317","10/04/2011",30.555,28.14,26.197,25.292,24.7795,31.429,22.233,17.609
"314","10/05/2011",25.655,25.572,24.652,24.022,22.5367,31.674,22.382,17.527
"311","10/06/2011",23.9275,23.79,23.067,22.93,30.5814,33.224,23.011,17.923
"308","10/07/2011",23.2625,22.105,21.732,21.673,26.9839,33.276,23.006,17.891
"296","10/10/2011",20.5725,20.87,21.077,21.162,26.5726,33.17,22.925,17.838
"292","10/11/2011",21.185,21.125,21.115,21.175,23.1277,32.613,22.927,17.76
"289","10/12/2011",22.665,20.757,20.612,20.827,21.1928,32.595,22.931,17.749
"286","10/13/2011",22.055,20.712,20.775,20.925,9.1433,32.805,23.032,17.816
"283","10/14/2011",19.845,19.372,19.512,19.785,11.2161,32.974,23.119,17.839
"271","10/17/2011",19.525,19.952,19.93,20.02,15.8401,32.997,23.326,17.943
"267","10/18/2011",20.4675,20.673,20.625,20.86,16.0392,30.396,23.295,17.921
"264","10/19/2011",21.82,20.902,20.792,20.632,17.879,30.572,23.404,17.994
"261","10/20/2011",25.1825,22.727,22.267,21.995,16.4578,23.85,23.369,18.008
"258","10/21/2011",22.5475,21.792,21.497,21.385,14.9047,23.606,23.382,18.014
"246","10/24/2011",21.035,20.408,20.475,20.545,12.9271,19.705,23.447,18.078
"242","10/25/2011",22.6,20.697,20.527,20.595,13.3852,19.739,23.48,18.091
"239","10/26/2011",20.34,20.04,20.19,20.282,10.9233,19.476,23.406,18.079
"236","10/27/2011",18.55,18.045,18.542,18.595,22.9866,20.806,24.052,18.525
"233","10/28/2011",18.18,17.805,18.042,18.382,23.8969,21.094,24.045,18.549
"221","10/31/2011",19.245,18.692,18.695,18.732,24.7169,20.454,24.128,18.664
"217","11/01/2011",24.94,21.915,20.695,20.43,26.9919,21.118,24.344,18.618
"214","11/02/2011",26.075,21.945,20.42,20.167,26.8481,20.118,24.341,18.616
"211","11/03/2011",25.395,21.322,20.307,20.007,17.6896,19.659,24.102,18.618
"208","11/04/2011",23.8475,20.622,19.682,19.527,17.5067,17.183,24.125,18.664
"196","11/07/2011",21.61,20.575,19.967,19.56,14.1983,17.117,23.302,18.668
"192","11/08/2011",19.0925,19.057,18.872,18.715,9.8642,17.349,22.879,18.68
"189","11/09/2011",21.84,20.3,19.64,19.407,21.6715,19.728,23.053,19.048
"186","11/10/2011",22.03,19.765,19.432,19.165,21.7635,19.807,23.083,19.058
"183","11/11/2011",19.835,19.408,19.26,19.102,22.9953,20.031,23.18,19.158
"171","11/14/2011",19.78,19.49,19.307,19.152,24.4984,20.148,23.132,19.164
"167","11/15/2011",19.875,19.66,19.457,19.292,23.8014,19.394,23.132,19.163
"164","11/16/2011",19.71,19.462,19.21,19.068,14.0707,19.367,23.135,19.166
"161","11/17/2011",19.7925,19.15,19.167,19.005,13.866,19.025,23.107,19.163
"158","11/18/2011",19.3975,19.18,18.952,18.75,9.6495,18.945,23.107,19.15
"146","11/21/2011",21.64,20.997,20.135,19.87,11.3639,19.591,23.276,19.246
"142","11/22/2011",20.885,20.8,20.182,20.063,11.7496,19.215,23.254,19.247
"139","11/23/2011",24.1725,22.695,21.972,21.535,23.2976,21.486,23.825,19.607
"136","11/24/2011",25.93,23.33,21.93,21.257,25.9628,22.227,24.05,19.739
"133","11/25/2011",26.43,24.24,23.197,22.442,26.1098,19.886,24.053,19.68
"121","11/28/2011",23.6,23.615,22.057,21.565,25.7015,20.128,24.149,19.752
"117","11/29/2011",23.015,22.655,21.612,21.155,26.6842,19.832,24.24,19.771
"114","11/30/2011",22.2875,20.767,20.095,19.847,22.68,20.265,24.561,19.902
"111","12/01/2011",22.685,20.137,19.72,19.48,19.5487,20.333,24.295,19.913
"108","12/02/2011",19.775,18.807,19.237,19.327,19.6574,20.321,24.18,19.924
"96","12/05/2011",18.345,18.482,18.627,18.975,17.3874,20.103,24.186,19.93
"92","12/06/2011",18.8575,18.205,18.515,18.802,15.8765,20.133,24.16,19.94
"89","12/07/2011",18.85,18.087,18.417,18.74,6.9574,19.976,24.164,19.945
"86","12/08/2011",20.645,18.982,19.132,19.243,7.8603,17.785,24.204,19.931
"83","12/09/2011",20.565,19.542,19.535,19.477,7.476,17.705,24.167,19.899
"71","12/12/2011",21.1075,20.487,20.267,20.15,14.6641,18.15,24.184,20.06
"67","12/13/2011",21.745,21.12,20.935,20.815,15.7456,17.929,24.236,20.046
"64","12/14/2011",24.515,21.92,21.417,21.217,17.2661,18.306,24.32,20.1
"61","12/15/2011",22.06,21.052,20.875,20.757,17.4638,18.487,24.354,20.126
"58","12/16/2011",18.1125,18.982,19.692,19.91,17.5806,18.474,24.183,20.135
"46","12/19/2011",17.155,18.997,19.357,19.79,13.3872,18.706,23.102,20.147
"42","12/20/2011",16.885,18.355,19.035,19.412,14.3951,18.44,23.183,20.209
"39","12/21/2011",15.6525,17.822,18.827,19.175,12.7423,18.464,20.475,20.221
"36","12/22/2011",15.2925,17.673,18.802,19.082,11.4355,15.61,20.368,20.187
"33","12/23/2011",13.445,17.24,18.357,18.917,11.0505,14.487,18.842,20.166
"21","12/26/2011",13.7125,17.033,18.272,18.86,9.2501,14.422,18.812,20.102
"17","12/27/2011",12.705,16.8,18.232,18.795,3.8569,13.649,18.708,20.086
"14","12/28/2011",14.34,17.337,18.522,18.702,5.3558,13.349,18.354,20.108
"11","12/29/2011",12.5575,17.275,18.438,18.655,6.2651,11.426,18.376,20.112
"8","12/30/2011",12.0875,17.037,18.362,18.705,6.1732,11.311,17.908,20.107
"1302","01/02/2012",12.0175,16.992,18.442,18.66,6.8,11.269,17.878,20.085
"1298","01/03/2012",15.525,17.185,17.965,18.482,16.6347,13.424,18.001,20.302
"1295","01/04/2012",17.115,17.445,17.912,18.372,15.8328,13.337,17.807,20.249
"1292","01/05/2012",15.9325,17.01,17.857,18.357,15.7247,13.338,16.875,20.239
"1289","01/06/2012",16.515,16.602,17.332,17.88,16.2729,13.277,16.883,20.21
"1277","01/09/2012",14.75,16.217,16.855,17.413,16.5368,13.371,16.921,20.225
"1273","01/10/2012",14.745,15.895,16.715,17.323,17.5091,14.213,17.507,20.474
"1270","01/11/2012",16.8,16.31,16.557,17.057,17.546,13.862,17.499,20.474
"1267","01/12/2012",16.1075,15.993,16.447,17.028,19.3929,14.017,17.529,20.541
"1264","01/13/2012",16.205,16.087,16.415,17.01,19.2808,13.863,17.434,20.554
"1252","01/16/2012",15.395,15.935,16.347,16.992,18.9227,13.801,17.163,20.531
"1248","01/17/2012",15.9175,15.975,16.34,16.888,9.7153,13.483,17.145,20.53
"1245","01/18/2012",15.185,15.467,15.977,16.477,12.6999,13.461,17.147,20.562
"1242","01/19/2012",13.945,14.43,15.483,16.245,9.2765,13.353,17.119,20.563
"1239","01/20/2012",13.7875,14.055,15.03,15.852,8.5251,13.355,17.102,20.534
"1227","01/23/2012",12.6425,13.68,14.625,15.612,9.1181,13.46,16.974,20.547
"1223","01/24/2012",13.6075,13.825,14.65,15.792,9.3426,13.499,16.938,20.501
"1220","01/25/2012",13.8675,13.775,14.655,15.775,4.339,13.496,16.92,20.479
"1217","01/26/2012",13.89,13.432,14.66,15.755,5.9475,13.412,15.973,20.443
"1214","01/27/2012",14.0875,13.427,14.68,15.827,8.0742,13.584,15.923,20.416
"1202","01/30/2012",13.8,13.9,14.765,15.795,8.5699,13.769,15.709,20.435
"1198","01/31/2012",14.1425,13.663,14.657,15.797,8.3513,13.704,15.369,20.434
"1195","02/01/2012",13.4775,13.36,14.65,15.733,9.7578,11.787,15.433,20.302
"1192","02/02/2012",12.885,13.295,14.653,15.722,10.5152,12.105,15.478,20.304
"1189","02/03/2012",13.33,13.1,14.41,15.487,9.103,12.058,15.374,19.811
"1177","02/06/2012",12.775,13.34,14.435,15.455,8.1322,11.928,15.374,19.533
"1173","02/07/2012",13.585,13.372,14.36,15.38,8.1058,11.762,15.29,19.265
"1170","02/08/2012",13.14,13.065,14.33,15.245,6.3763,8.696,14.324,19.265
"1167","02/09/2012",12.3375,12.775,13.835,15.035,3.4175,8.718,14.284,19.227
"1164","02/10/2012",11.98,12.575,13.85,15.055,3.6085,7.677,14.024,19.125
"1152","02/13/2012",10.225,11.465,13.14,14.475,4.5083,7.656,13.847,19.137
"1148","02/14/2012",10.06,11.665,13.095,14.505,5.4521,7.757,13.874,19.145
"1145","02/15/2012",10.13,11.65,12.975,14.36,6.3343,7.919,13.894,19.126
"1142","02/16/2012",10.66,12.05,13.295,14.525,8.0429,7.281,13.936,19.154
"1139","02/17/2012",10.28,11.843,13.09,14.355,7.8343,7.285,13.937,19.144
"1127","02/20/2012",9.94,11.757,13.09,14.33,6.9961,7.278,13.623,19.122
"1123","02/21/2012",10.8675,11.785,12.885,14.288,6.2683,7.052,13.597,19.062
"1120","02/22/2012",11.895,11.87,12.915,14.275,6.3511,7.178,12.425,19.07
"1117","02/23/2012",11.665,12.03,13.025,14.205,3.8851,7.219,11.98,19.067
"1114","02/24/2012",11.6125,11.475,12.745,13.935,3.8257,6.938,11.955,19.034
"1102","02/27/2012",10.875,11.59,12.56,13.77,3.871,6.404,11.658,19.032
"1098","02/28/2012",11.195,11.23,12.24,13.625,6.838,6.586,11.563,19.057
"1095","02/29/2012",13.5325,12.298,12.79,13.885,11.5507,8.166,11.184,18.973
"1093","03/01/2012",11.345,11.317,12.298,13.56,11.594,7.839,11.156,18.89
"1090","03/02/2012",11.585,11.685,12.34,13.575,13.4925,8.071,11.278,18.936
"1080","03/05/2012",11.9875,11.948,12.372,13.523,13.8643,8.188,11.289,18.92
"1076","03/06/2012",13.6425,13.247,13.442,14.192,14.9837,9.004,11.471,18.98
"1072","03/07/2012",15.96,14.253,14.24,14.775,11.8354,9.187,11.495,18.995
"1068","03/08/2012",15.3575,13.755,14.208,14.888,11.8337,9.226,11.423,18.968
"1065","03/09/2012",14.425,13.805,14.315,14.427,15.319,10.874,11.872,18.954
"1055","03/12/2012",17.29,15.92,15.952,16.022,15.146,10.889,11.338,18.949
"1051","03/13/2012",17.745,15.302,15.262,15.468,12.9847,10.788,11.202,18.948
"1047","03/14/2012",16.7675,14.967,14.885,15.077,13.2687,10.92,11.079,18.96
"1043","03/15/2012",15.5625,14.017,13.935,14.128,13.3527,10.863,10.988,18.844
"1040","03/16/2012",14.94,13.708,13.842,14.093,6.0273,10.559,10.953,18.11
"1030","03/19/2012",14.47,14.08,14.183,14.28,9.9537,11.293,11.063,18.158
"1026","03/20/2012",16.2225,14.788,14.74,14.77,10.055,11.349,10.832,16.428
"1022","03/21/2012",15.4,14.72,14.675,14.577,9.0047,11.366,10.793,16.363
"1018","03/22/2012",15.055,14.315,14.407,14.417,8.6961,11.243,10.793,15.412
"1015","03/23/2012",12.82,13.04,13.497,13.972,9.3808,11.351,10.833,15.409
"1005","03/26/2012",12.8475,12.97,13.405,13.735,5.2057,11.424,10.858,15.354
"1001","03/27/2012",12.9725,12.653,13.048,13.55,5.0573,11.46,10.87,15.108
"997","03/28/2012",13.145,12.805,13.212,13.563,5.2939,11.168,10.79,15.113
"993","03/29/2012",13.555,13.038,13.405,13.802,5.6959,10.118,10.769,14.832
"990","03/30/2012",11.9825,12.265,12.915,13.37,4.8869,10.126,10.782,14.809
"980","04/02/2012",11.455,12.182,12.835,13.413,4.6725,9.611,10.771,14.587
"976","04/03/2012",11.085,11.74,12.275,13.125,5.0038,9.567,9.939,14.475
"972","04/04/2012",11,11.512,12.442,13.265,4.5907,8.734,9.938,13.891
"968","04/05/2012",10.5325,11.462,12.388,13.265,4.3272,8.572,9.919,13.874
"965","04/06/2012",11.115,11.622,12.542,13.41,3.8372,8.526,9.85,13.875
"955","04/09/2012",10.0175,10.96,12.067,12.99,3.8906,6.332,9.805,13.88
"951","04/10/2012",11.59,11.512,12.347,13.2,6.8985,6.945,8.881,13.927
"947","04/11/2012",11.015,11.052,11.962,13.097,6.9236,6.896,8.876,13.842
"943","04/12/2012",10.535,10.458,11.76,12.923,7.5874,6.728,8.596,13.779
"940","04/13/2012",10.575,10.608,11.87,13.077,8.7227,6.954,8.618,13.628
"930","04/16/2012",10.3175,10.995,11.945,13.138,9.2055,7.185,8.667,13.637
"926","04/17/2012",11.485,11.235,12.08,13.138,8.6331,6.511,8.794,13.582
"922","04/18/2012",14.32,13.24,13.38,13.892,10.9609,7.218,8.696,13.629
"918","04/19/2012",14.6625,13.425,13.987,14.153,10.4146,7.196,8.696,13.618
"915","04/20/2012",12.47,12.727,13.327,13.718,9.8572,7.313,8.727,13.528
"904","04/23/2012",12.7875,13.145,13.57,13.898,9.4594,7.209,8.695,13.508
"900","04/24/2012",11.5,12.535,13.177,13.817,7.7815,7.096,8.677,13.498
"895","04/25/2012",11.2775,12.035,13.017,13.712,3.8995,7.044,8.68,12.879
"891","04/26/2012",11.11,11.75,12.875,13.38,4.2243,7.026,8.618,12.806
"888","04/27/2012",10.5,10.945,12.18,13.077,3.2579,6.949,8.483,12.639
"879","04/30/2012",10.88,11.422,12.4,13.31,9.5019,8.233,8.769,12.559
"875","05/01/2012",11.6,11.667,12.535,13.403,9.5138,8.167,8.768,12.56
"870","05/02/2012",12.49,12.705,13.368,13.747,10.9332,8.493,8.787,12.584
"866","05/03/2012",12.955,12.818,13.37,13.663,12.492,9.028,8.818,12.577
"863","05/04/2012",12.1525,12.275,12.942,13.403,13.9257,9.487,8.972,12.627
"854","05/07/2012",12.245,12.405,12.865,13.378,10.5141,9.518,8.962,12.58
"850","05/08/2012",12.7525,12.695,13.13,13.602,13.0096,10.168,9.211,12.088
"845","05/09/2012",15.0075,14.01,14.202,14.347,15.7154,10.936,9.648,12.23
"841","05/10/2012",14.4575,14.035,14.495,14.532,15.3464,11.232,9.746,12.116
"838","05/11/2012",14.3725,14.27,14.58,14.725,14.6739,11.294,9.801,12.022
"829","05/14/2012",16.865,16.125,15.95,15.845,18.4361,12.386,10.242,12.226
"825","05/15/2012",16.63,16.37,16.27,16.175,16.862,12.285,10.219,12.225
"820","05/16/2012",17.0025,16.685,16.63,16.507,13.3167,12.003,10.18,12.206
"816","05/17/2012",16.335,16.175,16.108,16.173,12.6501,11.647,10.115,12.223
"813","05/18/2012",18.0275,16.958,16.94,16.875,12.9166,11.894,10.206,12.083
"804","05/21/2012",18.545,18.127,17.682,17.51,9.322,12.287,10.383,12.144
"800","05/22/2012",19.475,18.63,18.028,17.72,19.0122,14.686,11.367,11.935
"795","05/23/2012",21.705,19.042,17.913,17.653,27.7451,17.69,12.639,12.357
"791","05/24/2012",21.13,19.23,17.58,17.142,27.581,17.696,12.636,12.348
"788","05/25/2012",18.9075,17.88,16.92,16.673,30.9349,19.107,13.291,12.549
"779","05/28/2012",18.2575,17.458,16.745,16.53,30.219,19.128,13.301,12.461
"775","05/29/2012",16.935,16.737,16.448,16.31,25.5297,18.691,13.257,12.156
"770","05/30/2012",17.84,17.245,16.722,16.545,17.6459,19.119,13.169,12.246
"766","05/31/2012",17.25,16.638,16.458,16.22,17.7613,18.969,13.176,12.236
"763","06/01/2012",17.895,17.27,16.658,16.337,11.3669,18.939,13.138,12.279
"754","06/04/2012",17.7425,17.295,16.658,16.302,12.8406,18.946,13.221,12.325
"750","06/05/2012",17.55,16.778,16.19,16.032,17.6081,19.921,13.503,12.566
"745","06/06/2012",16.905,16.61,16.217,16.048,16.0208,19.656,13.506,12.551
"741","06/07/2012",17.3625,16.8,16.27,16.103,15.8413,18.994,13.496,12.541
"738","06/08/2012",16.5825,16.747,16.292,16.092,15.2075,18.912,13.128,12.305
"729","06/11/2012",19.1425,17.333,16.4,16.073,20.3191,20.149,13.745,12.582
"725","06/12/2012",19.95,18.042,16.693,16.337,15.8818,19.39,13.739,12.495
"720","06/13/2012",20.335,18.243,16.943,16.38,15.5116,19.389,13.688,12.451
"716","06/14/2012",20.555,18.218,16.993,16.403,16.5601,19.592,13.766,12.487
"713","06/15/2012",19.9825,17.795,16.682,16.267,16.139,19.534,13.769,12.432
"704","06/18/2012",16.97,16.688,16.24,16.048,6.683,19.414,13.592,12.329
"700","06/19/2012",15.1975,15.262,15.33,15.325,12.9498,19.88,13.924,12.503
"695","06/20/2012",14.775,14.94,15.025,15.023,12.8246,18.139,13.921,12.503
"691","06/21/2012",14.67,14.5,14.9,14.948,16.6792,16.333,14.321,12.727
"688","06/22/2012",14.7625,14.757,14.885,15.05,16.7772,16.355,14.299,12.734
"679","06/25/2012",15.1675,15.26,15.132,15.112,16.7411,14.689,14.29,12.739
"675","06/26/2012",14.955,15.138,15.13,15.132,13.0323,14.773,14.317,12.72
"670","06/27/2012",14.94,15.247,15.192,15.188,13.1408,14.662,14.315,12.708
"666","06/28/2012",16.01,15.745,15.77,15.638,5.1071,14.102,14.304,12.709
"663","06/29/2012",16.0825,15.2,14.865,14.785,24.4197,18.285,15.764,13.545
"654","07/02/2012",16.505,15.325,14.923,14.808,26.0735,18.625,15.963,13.338
"650","07/03/2012",16.34,15.265,14.88,14.75,27.7759,19.044,16.199,13.49
"645","07/04/2012",16.515,15.535,15.125,14.987,28.1554,18.163,16.256,13.515
"641","07/05/2012",15.125,14.382,14.505,14.573,28.358,18.144,16.279,13.506
"638","07/06/2012",14.2375,13.935,14.243,14.378,15.5596,18.227,16.309,13.5
"629","07/09/2012",13.5275,13.698,14.085,14.245,12.5768,18.151,16.304,13.121
"625","07/10/2012",13.0575,13.24,13.632,13.888,7.2587,16.641,16.211,13.119
"620","07/11/2012",12.8575,13.01,13.46,13.813,5.3633,16.634,16.211,13.007
"616","07/12/2012",12.27,12.653,13.235,13.565,4.2644,16.621,16.186,12.989
"613","07/13/2012",11.705,12.36,13.015,13.448,2.3791,16.38,16.142,12.984
"604","07/16/2012",11.4275,11.94,12.675,13.085,1.5266,16.371,16.109,12.984
"600","07/17/2012",10.8225,11.55,12.347,12.817,5.669,16.551,16.11,12.926
"595","07/18/2012",10.8125,11.495,12.29,12.77,5.6518,15.632,16,12.926
"591","07/19/2012",10.48,10.975,11.972,12.507,6.6034,15.731,16.031,12.945
"588","07/20/2012",10.37,11.023,11.985,12.538,7.6006,14.69,16.048,12.946
"579","07/23/2012",11.8625,11.965,12.395,12.865,9.3999,14.901,16.106,12.986
"575","07/24/2012",12.46,12.478,12.89,13.347,8.1008,14.928,16.122,12.996
"570","07/25/2012",11.665,12.04,12.525,13.112,9.2716,14.979,16.169,13.002
"566","07/26/2012",11.24,11.487,12.25,12.833,9.5981,15.109,16.209,12.986
"563","07/27/2012",11.7325,11.715,12.237,12.735,8.9021,15.115,16.212,12.955
"554","07/30/2012",12.575,12.295,12.63,12.92,9.0782,9.983,16.087,13.005
"550","07/31/2012",12.74,12.715,12.888,13.08,10.1534,9.247,16.152,13.008
"545","08/01/2012",13.74,12.767,12.888,13.157,9.9346,8.012,16.12,12.984
"541","08/02/2012",11.1675,11.343,11.868,12.41,9.0613,7.688,16.032,12.984
"538","08/03/2012",10.515,10.8,11.3,12.028,11.8361,8.388,16.083,13.065
"529","08/06/2012",10.05,10.685,11.323,12.005,10.3706,8.224,16.08,13.067
"525","08/07/2012",10.0225,10.61,11.362,12.075,8.9854,8.19,15.94,13.068
"520","08/08/2012",9.85,10.335,11.185,12.083,8.3114,8.252,15.69,13.069
"516","08/09/2012",9.825,10.255,11.225,12.108,8.6735,8.376,15.643,13.077
"513","08/10/2012",9.7875,10.233,11.198,12.087,4.1053,8.369,15.601,13.06
"504","08/13/2012",9.6475,10.095,11.015,11.917,4.33,8.411,15.292,13.051
"500","08/14/2012",9.3975,10.1,11.038,11.977,4.3969,8.433,15.287,13.037
"495","08/15/2012",8.9925,10,11.073,12.038,4.254,8.047,15.294,13
"491","08/16/2012",8.595,9.97,11.07,12.063,3.0557,8.049,15.268,13
"488","08/17/2012",8.495,9.975,11.02,12.048,3.1346,7.873,15.209,13.002
"479","08/20/2012",8.165,9.97,11.058,12.028,2.7772,7.67,15.092,13.004
"475","08/21/2012",8.67,10.205,11.218,12.163,2.5134,7.183,14.366,12.986
"470","08/22/2012",8.005,9.762,10.965,12.003,1.8853,7.069,13.228,12.983
"466","08/23/2012",8.53,10.17,11.25,12.16,2.5468,6.772,13.232,12.987
"463","08/24/2012",8.675,10.177,11.23,12.18,2.5443,6.45,12.578,12.989
"454","08/27/2012",8.97,10.182,11.17,12.083,2.5715,6.445,12.571,12.944
"450","08/28/2012",9.9425,10.575,11.333,12.237,4.6711,6.096,12.567,12.818
"445","08/29/2012",10.295,10.592,11.4,12.273,5.512,5.715,12.384,12.827
"441","08/30/2012",10.8575,10.925,11.435,12.327,5.4718,5.43,12.374,12.758
"438","08/31/2012",9.655,10.703,11.273,12.257,8.39,6.23,12.397,12.806
"429","09/03/2012",9.5775,10.802,11.358,12.273,8.4502,5.018,12.282,12.712
"425","09/04/2012",9.765,10.6,11.355,12.233,8.1172,5.219,11.796,12.706
"420","09/05/2012",9.97,10.58,11.403,12.26,7.5559,5.199,11.748,12.701
"416","09/06/2012",9.2575,10.13,11.108,12.038,7.9244,5.291,11.775,12.495
"413","09/07/2012",8.73,9.75,10.743,11.83,4.5599,5.084,11.726,12.487
"404","09/10/2012",8.87,9.49,10.585,11.788,4.7466,5.151,10.992,12.488
"400","09/11/2012",8.98,9.458,10.47,11.635,4.3183,5.217,11.008,12.463
"395","09/12/2012",8.74,9.172,10.375,11.507,5.1191,5.354,11.023,12.466
"391","09/13/2012",8.69,9.087,9.887,10.84,4.663,5.372,10.919,12.472
"388","09/14/2012",9.1775,9.203,10.245,11.17,5.606,5.577,10.949,12.381
"379","09/17/2012",9.3775,9.483,10.38,11.155,8.1259,6.318,11.066,12.433
"375","09/18/2012",8.735,9.243,10.185,11.065,7.946,6.357,10.637,12.435
"370","09/19/2012",8.145,8.733,9.705,10.775,7.4487,6.354,10.636,12.435
"366","09/20/2012",7.825,8.313,9.368,10.227,7.1777,6.347,10.089,12.415
"363","09/21/2012",7.335,8.118,9.25,10.2,6.4743,6.288,10.072,12.404
"354","09/24/2012",7.3775,8.165,9.215,10.188,1.8467,6.26,10.058,12.398
"350","09/25/2012",7.16,8.028,8.955,9.91,1.1448,6.257,10.009,12.394
"345","09/26/2012",7.4925,8.087,9.055,9.875,2.2773,6.034,10.012,12.393
"341","09/27/2012",7.4975,7.908,8.868,9.88,2.3265,5.86,10.01,12.386
"338","09/28/2012",6.835,7.412,8.515,9.623,2.6747,5.841,7.492,12.381
"329","10/01/2012",6.29,7.227,8.17,9.507,2.6917,4.915,7.03,12.371
"325","10/02/2012",5.635,6.66,7.715,9.167,2.4899,4.861,6.427,12.37
"320","10/03/2012",5.3225,6.575,7.818,9.323,2.2197,4.68,6.296,12.371
"316","10/04/2012",5.2425,6.58,7.843,9.415,2.592,4.727,6.234,12.374
"313","10/05/2012",5.8075,6.767,7.99,9.638,4.7817,4.961,6.266,12.393
"304","10/08/2012",6.335,7.262,8.29,9.85,4.7657,4.961,6.245,12.332
"300","10/09/2012",6.84,7.41,8.355,9.903,4.914,4.9,6.254,12.333
"295","10/10/2012",6.9975,7.483,8.42,9.852,5.012,4.842,6.274,12.32
"291","10/11/2012",6.53,7.203,8.18,9.817,4.9356,4.68,6.272,12.293
"288","10/12/2012",7.305,7.352,8.267,9.878,3.0251,4.649,6.288,12.275
"279","10/15/2012",6.1875,7.137,8.122,9.722,3.2829,4.438,6.297,12.231
"275","10/16/2012",6.1,7.052,8.142,9.688,3.0991,3.252,6.113,12.158
"270","10/17/2012",5.39,6.698,7.875,9.515,3.0365,3.256,6.133,12.163
"266","10/18/2012",5.57,6.533,7.753,9.46,2.9245,3.276,6.053,12.152
"263","10/19/2012",5.3775,6.227,7.7,9.32,2.4133,3.276,5.962,12.142
"254","10/22/2012",5.09,6.028,7.52,9.21,2.3271,3.317,5.768,12.143
"250","10/23/2012",5.325,6.342,7.72,9.423,2.4089,3.339,5.725,12.143
"245","10/24/2012",5.055,6.097,7.617,9.325,1.6101,3.303,5.586,12.139
"241","10/25/2012",4.7875,5.97,7.488,9.077,1.4094,3.157,5.45,12.138
"238","10/26/2012",4.865,5.907,7.438,8.997,1.4094,3.149,5.44,12
"229","10/29/2012",4.865,6.033,7.51,9.077,2.6702,3.316,5.242,12.009
"225","10/30/2012",4.815,6,7.483,9.065,2.742,3.349,5.042,11.963
"220","10/31/2012",5.4475,6.128,7.49,9.033,2.7327,3.348,4.918,11.899
"216","11/01/2012",5.1325,5.8,7.378,8.907,2.7376,3.253,4.896,11.837
"213","11/02/2012",5.2075,5.765,7.305,8.865,2.7318,3.177,4.404,11.832
"204","11/05/2012",5.1625,5.802,7.207,8.788,1.7082,2.5,4.408,11.738
"200","11/06/2012",4.75,5.695,7.13,8.545,1.7513,2.556,4.41,11.561
"195","11/07/2012",4.4125,5.347,7.007,8.423,1.8379,2.503,4.374,11.515
"191","11/08/2012",4.4825,5.483,6.95,8.372,2.9673,2.587,4.343,11.494
"188","11/09/2012",6.3975,7,7.548,8.608,3.6249,2.724,4.371,11.285
"179","11/12/2012",6.8325,7.33,7.807,8.675,3.7498,2.723,4.367,11.283
"175","11/13/2012",8.7775,9.167,9.337,9.798,4.4065,2.931,4.41,11.293
"170","11/14/2012",8.61,8.715,9.073,9.628,5.3042,3.268,4.461,11.291
"166","11/15/2012",8.4675,8.538,8.977,9.472,4.762,3.146,4.459,11.248
"163","11/16/2012",9.225,8.948,9.29,9.823,5.3686,3.5,4.535,11.184
"154","11/19/2012",10.58,10.613,10.458,10.738,5.1074,3.499,4.526,10.691
"150","11/20/2012",10.375,10.523,10.477,10.755,4.6524,3.529,4.542,9.927
"145","11/21/2012",12.135,11.595,11.142,11.167,7.2447,4.668,4.865,10.001
"141","11/22/2012",11.88,11.285,10.913,11.063,7.5315,4.774,4.873,9.572
"138","11/23/2012",10.39,9.878,10.087,10.477,10.494,6.164,5.343,9.693
"129","11/26/2012",9.2975,9.055,9.47,9.92,10.5085,6.169,5.336,9.66
"125","11/27/2012",8.33,8.1,8.653,9.438,10.6061,6.127,5.254,9.531
"120","11/28/2012",9.1475,8.64,9.173,9.642,8.9931,6.266,5.249,9.536
"116","11/29/2012",9.755,8.773,9.227,9.618,9.5409,6.533,5.334,9.495
"113","11/30/2012",13,11.75,11.5,11.5,14.4327,9.263,6.257,9.78
"104","12/03/2012",12.5275,10.84,11.048,11.033,15.5053,9.671,6.44,9.52
"100","12/04/2012",11.3225,10.345,10.493,10.733,15.5487,9.716,6.414,9.5
"95","12/05/2012",10.66,9.815,10.172,10.477,15.9547,9.957,6.538,9.543
"91","12/06/2012",9.755,8.795,9.368,9.675,17.0949,10.557,6.789,9.618
"88","12/07/2012",8.95,8.415,8.953,9.278,10.6016,10.51,6.797,9.165
"79","12/10/2012",8.8375,8.205,8.745,9.102,9.0074,10.474,6.781,9.165
"75","12/11/2012",8.8425,8.215,8.717,9.023,8.702,10.445,6.747,9.158
"70","12/12/2012",8.7575,8.185,8.73,9.078,7.7726,10.435,6.736,9.099
"66","12/13/2012",8.875,8.265,8.825,9.132,4.3583,10.454,6.774,9.119
"63","12/14/2012",8.795,8.255,8.783,9.167,4.293,10.462,6.723,9.11
"54","12/17/2012",8.6575,8.37,8.835,9.282,6.7967,10.67,6.668,8.904
"50","12/18/2012",7.885,8.445,8.877,9.392,7.7733,10.829,6.732,8.935
"45","12/19/2012",8.5175,8.82,9.145,9.475,9.8587,11.264,6.97,8.705
"41","12/20/2012",8.58,9.065,9.398,9.653,9.4847,10.872,6.989,8.702
"38","12/21/2012",9.005,9.425,9.757,9.932,10.6126,11.08,7.116,8.746
"29","12/24/2012",8.74,9.372,9.693,9.908,9.1522,10.372,7.116,8.715
"25","12/25/2012",8.88,9.497,9.743,9.972,8.3314,10.368,7.11,8.708
"20","12/26/2012",9.37,9.523,9.73,9.988,11.6627,11.51,7.658,8.946
"16","12/27/2012",9.62,9.555,9.747,9.94,11.6831,11.465,7.676,7.609
"13","12/28/2012",8.9075,9.305,9.545,9.85,10.7269,11.335,7.677,7.389
"4","12/31/2012",8.59,9.045,9.382,9.8,10.8353,9.27,7.688,7.113
"1306","01/01/2013",8.4875,9.135,9.427,9.83,10.8353,8.844,7.688,7.047
"1301","01/02/2013",8.0325,8.8,9.262,9.688,4.0021,8.873,7.713,7.034
"1297","01/03/2013",7.5725,8,8.632,9.24,3.5456,8.593,7.706,7.001
"1294","01/04/2013",7.345,7.63,8.342,9.005,5.0964,8.068,7.693,7.034
"1285","01/07/2013",7.435,7.67,8.275,8.917,5.6255,8.167,7.733,7.055
"1281","01/08/2013",7.915,8.125,8.523,9.132,7.6924,8.543,7.862,7.13
"1276","01/09/2013",7.5725,7.98,8.472,9.137,7.2965,8.567,7.852,7.13
"1272","01/10/2013",7.16,7.6,8.245,8.958,7.9076,8.622,7.894,7.156
"1269","01/11/2013",7.075,7.37,8.235,8.983,7.3256,8.565,7.912,7.174
"1260","01/14/2013",6.845,7.34,8.25,9.113,7.0384,8.609,7.923,7.103
"1256","01/15/2013",6.8925,7.285,8.295,9.155,5.0412,8.248,7.938,7.112
"1251","01/16/2013",6.545,7.105,8.135,9.04,5.7129,8.171,7.966,7.1
"1247","01/17/2013",6.4925,7.005,8.045,8.985,5.0311,7.564,7.975,7.068
"1244","01/18/2013",6.1325,6.74,7.935,8.95,4.6801,7.56,7.99,6.992
"1235","01/21/2013",5.9525,6.47,7.825,8.892,4.445,7.211,7.993,6.977
"1231","01/22/2013",5.7775,6.255,7.66,8.717,4.4707,7.27,8.007,6.93
"1226","01/23/2013",5.77,6.155,7.577,8.618,5.1323,7.518,8.08,6.919
"1222","01/24/2013",5.805,6.275,7.655,8.653,5.1911,5.59,8.094,6.923
"1219","01/25/2013",5.8275,6.215,7.637,8.658,4.8817,5.507,8.094,6.827
"1210","01/28/2013",10.1375,8.38,8.87,9.29,11.4515,7.472,8.569,7.054
"1206","01/29/2013",9.33,8.58,8.917,9.307,12.5911,7.915,8.702,7.095
"1201","01/30/2013",9.2675,8.615,8.938,9.288,12.1359,7.977,8.72,7.099
"1197","01/31/2013",8.635,8.225,8.632,9.137,12.0134,7.861,8.72,6.935
"1194","02/01/2013",8.315,7.825,8.358,9.033,12.0562,7.87,8.725,6.934
"1185","02/04/2013",7.025,7.052,7.677,8.613,6.2667,7.681,8.73,6.939
"1181","02/05/2013",6.26,6.882,7.65,8.55,4.1593,7.696,8.765,6.952
"1176","02/06/2013",5.985,6.773,7.515,8.49,3.7248,7.269,8.766,6.929
"1172","02/07/2013",6.69,7.087,7.722,8.675,7.2885,7.86,8.914,7.035
"1169","02/08/2013",7.1325,7.273,7.858,8.685,7.3433,7.739,8.903,7.032
"1160","02/11/2013",6.89,7.34,7.922,8.69,7.1344,7.638,8.891,7.027
"1156","02/12/2013",6.7375,7.288,7.86,8.685,6.4685,7.576,8.863,7.018
"1151","02/13/2013",6.84,7.438,7.963,8.78,7.0364,7.654,8.86,7.041
"1147","02/14/2013",7.7425,7.845,8.36,9.05,3.9231,7.594,8.882,7.051
"1144","02/15/2013",7.735,7.877,8.455,9.075,5.0974,7.749,8.891,7.082
"1135","02/18/2013",7.84,7.925,8.477,9.035,5.3808,7.747,8.904,7.089
"1131","02/19/2013",7.555,7.842,8.415,8.995,6.2053,7.865,8.936,7.114
"1126","02/20/2013",8.0625,8.163,8.565,9.163,5.8388,7.87,8.78,7.116
"1122","02/21/2013",8.66,8.613,8.855,9.38,7.0635,7.954,8.853,7.169
"1119","02/22/2013",8.635,8.583,8.83,9.365,6.1691,7.918,8.573,7.167
"1110","02/25/2013",8.7975,8.57,8.855,9.39,6.1283,7.955,8.583,7.132
"1106","02/26/2013",9.69,9.602,9.637,9.93,5.8278,6.223,8.591,7.124
"1101","02/27/2013",8.8725,9.038,9.273,9.71,6.2757,5.794,8.596,7.142
"1097","02/28/2013",8.5,8.577,8.995,9.53,4.2942,5.709,8.531,7.027
"1092","03/01/2013",8.6025,8.297,8.855,9.495,4.7254,5.801,7.694,7.033
"1084","03/04/2013",8.39,8.245,8.805,9.525,4.4745,5.783,7.531,7.006
"1079","03/05/2013",8.18,8.137,8.693,9.413,6.2885,6.228,7.632,7.076
"1075","03/06/2013",8.0625,8.068,8.663,9.405,5.588,6.073,7.531,7.056
"1071","03/07/2013",7.9525,7.875,8.55,9.315,5.8228,6.113,7.274,7.063
"1067","03/08/2013",7.855,7.895,8.525,9.33,7.6692,5.916,7.421,7.133
"1059","03/11/2013",7.555,7.767,8.22,9.1,8.3198,6.09,7.47,7.145
"1054","03/12/2013",6.87,7.31,7.925,8.87,7.2684,6.265,7.516,7.149
"1050","03/13/2013",7.36,7.51,8.08,8.925,7.6511,6.392,7.521,7.156
"1046","03/14/2013",7.1675,7.41,8.013,8.9,7.4715,6.235,7.466,7.13
"1042","03/15/2013",7.9875,7.873,8.39,9.15,6.8702,6.525,7.569,7.081
"1034","03/18/2013",8.5225,8.438,8.642,9.265,6.1316,6.313,7.425,7.075
"1029","03/19/2013",8.69,8.555,8.872,9.48,5.3666,6.262,7.352,7.076
"1025","03/20/2013",8.6275,8.51,8.837,9.44,4.982,6.132,7.141,7.083
"1021","03/21/2013",10.5425,9.485,9.645,9.915,7.4906,6.642,7.29,7.168
"1017","03/22/2013",10.325,9.6,9.76,10.1,6.084,6.286,7.174,7.173
"1009","03/25/2013",8.9975,9.435,9.602,9.915,6.127,6.303,7.182,7.174
"1004","03/26/2013",8.3175,9.03,9.4,9.775,6.1534,6.268,7.185,7.165
"1000","03/27/2013",8.015,8.46,8.94,9.427,6.0616,6.186,6.585,7.169
"996","03/28/2013",7.6775,8.19,8.73,9.31,4.4814,6.286,6.647,7.203
"992","03/29/2013",7.705,8.18,8.74,9.305,4.2921,6.285,6.636,7.203
"984","04/01/2013",8.2,8.352,8.778,9.3,4.1895,6.212,6.626,7.204
"979","04/02/2013",8.14,8.245,8.65,9.24,4.1302,6.211,6.626,7.198
"975","04/03/2013",8.8,8.495,8.865,9.45,4.4523,5.794,6.607,7.204
"971","04/04/2013",8.33,8.19,8.688,9.36,4.4782,6.071,6.691,7.196
"967","04/05/2013",8.81,8.225,8.645,9.285,11.3096,7.867,7.203,7.48
"959","04/08/2013",8.785,8.55,8.827,9.38,11.5564,7.509,7.193,7.493
"954","04/09/2013",8.2225,8.475,8.85,9.477,12.2576,7.607,7.135,7.527
"950","04/10/2013",8.29,8.525,8.888,9.618,12.335,7.564,7.16,7.54
"946","04/11/2013",8.535,8.425,8.913,9.62,11.7194,7.458,7.108,7.533
"942","04/12/2013",8.58,8.355,8.835,9.635,5.7176,7.509,7.09,7.537
"934","04/15/2013",11.38,10.345,10.36,10.655,10.1027,8.333,7.469,7.728
"929","04/16/2013",10.685,9.69,9.847,10.24,9.5371,8.401,7.48,7.734
"925","04/17/2013",11.2175,9.985,10.145,10.49,10.5178,8.758,7.567,7.798
"921","04/18/2013",11.05,10.225,10.435,10.71,12.2833,9.254,7.757,7.897
"917","04/19/2013",9.6175,9.65,10.055,10.435,12.4684,8.946,7.781,7.913
"907","04/22/2013",9.4275,9.323,9.78,10.142,9.5216,9.067,7.825,7.938
"903","04/23/2013",9.0775,9.023,9.417,9.958,9.4694,9.11,7.831,7.95
"899","04/24/2013",8.4875,8.67,9.04,9.702,9.1423,9.359,7.853,7.998
"894","04/25/2013",8.65,8.635,9.145,9.78,8.0044,9.599,7.939,8.048
"890","04/26/2013",8.97,8.415,8.975,9.745,7.5559,9.426,7.943,8.035
"882","04/29/2013",9.1025,8.48,8.97,9.698,7.4581,9.543,7.445,8.055
"878","04/30/2013",8.4,8.262,8.84,9.555,7.4132,9.586,7.304,8.065
"874","05/01/2013",8.6075,8.222,8.83,9.545,5.9385,9.587,7.283,8.065
"869","05/02/2013",8.7475,8.297,8.767,9.57,5.3834,9.712,7.359,8.1
"865","05/03/2013",7.095,8.038,8.648,9.425,5.3104,9.528,7.354,8.096
"857","05/06/2013",7.5775,7.9,8.503,9.39,4.48,8.087,7.345,8.096
"853","05/07/2013",7.1775,7.472,8.267,9.23,4.4934,8.056,7.319,8.105
"849","05/08/2013",7.0625,7.332,8.222,9.21,4.7288,7.84,7.328,8.098
"844","05/09/2013",7.28,7.233,7.938,8.977,4.1951,7.892,7.171,8.111
"840","05/10/2013",6.935,7.695,8.375,9.215,6.4698,8.249,7.291,8.162
"832","05/13/2013",7.6,7.68,8.28,9.233,8.8308,8.728,7.485,8.235
"828","05/14/2013",7.8975,7.813,8.35,9.295,8.9396,7.722,7.517,8.228
"824","05/15/2013",9.2175,8.915,9.183,9.843,9.5688,7.849,7.546,8.261
"819","05/16/2013",9.5825,9.017,9.285,9.995,9.046,7.445,7.519,8.236
"815","05/17/2013",8.7825,9.41,9.765,10.278,8.3157,6.971,7.515,8.264
"807","05/20/2013",9.2375,9.42,9.74,10.36,5.6827,6.845,7.502,8.26
"803","05/21/2013",9.215,9.53,9.837,10.41,5.1985,6.669,7.458,8.168
"799","05/22/2013",9.095,9.57,9.94,10.448,4.6872,6.745,7.484,8.179
"794","05/23/2013",9.4825,9.898,10.135,10.513,4.9918,6.439,7.39,8.033
"790","05/24/2013",7.93,9.605,9.983,10.44,4.3828,6.157,7.418,8.047
"782","05/27/2013",8.81,9.65,10.108,10.557,4.4779,6.168,7.412,8.04
"778","05/28/2013",10.79,10.385,10.523,10.788,6.9966,6.549,7.535,8.092
"774","05/29/2013",13.6125,11.917,11.945,11.908,15.2405,9.365,8.417,8.507
"769","05/30/2013",13.6675,12.132,12.1,12.052,15.1455,9.364,8.417,8.084
"765","05/31/2013",13.89,13.613,13.352,13.185,18.4554,10.588,8.917,8.285
"757","06/03/2013",15.215,13.578,13.175,13.167,19.3564,10.979,9.068,8.354
"753","06/04/2013",14.175,12.855,12.667,12.68,18.5746,10.966,8.959,8.305
"749","06/05/2013",16.205,13.863,13.198,13.145,12.4397,10.943,8.963,8.188
"744","06/06/2013",15.2225,13.325,13,13.003,12.4463,10.92,8.953,8.185
"740","06/07/2013",13.725,13.472,13.24,13.21,6.8149,10.908,8.863,8.203
"732","06/10/2013",15.3825,13.905,13.458,13.385,4.6575,10.758,8.864,8.228
"728","06/11/2013",15.8975,14.247,13.618,13.475,6.7926,10.615,8.93,8.272
"724","06/12/2013",16.115,14.43,13.802,13.665,8.8128,10.918,9.045,8.325
"719","06/13/2013",15.935,14,13.487,13.408,12.9895,11.731,9.425,8.534
"715","06/14/2013",14.0225,13.815,13.395,13.308,16.5458,12.833,9.797,8.724
"707","06/17/2013",16.9,14.49,13.78,13.64,17.2844,13.054,9.932,8.771
"703","06/18/2013",17.3875,14.557,13.868,13.82,17.069,13.204,9.997,8.715
"699","06/19/2013",19.3025,15.83,14.91,14.682,21.0482,14.774,10.676,9.11
"694","06/20/2013",22.7,18.323,16.715,16.27,21.5189,15.577,10.961,9.296
"690","06/21/2013",18.965,17.323,16.278,15.895,19.1089,15.674,11.01,9.328
"682","06/24/2013",19.76,16.93,15.845,15.63,19.1795,15.919,11.138,9.408
"678","06/25/2013",17.8325,15.908,15.153,14.997,19.1419,16.026,11.19,9.213
"674","06/26/2013",16.8925,14.97,14.467,14.427,15.7557,16.301,11.413,9.345
"669","06/27/2013",16.425,14.535,13.917,13.913,12.1525,14.916,11.4,9.363
"665","06/28/2013",15.9825,15.325,14.8,14.55,15.0376,15.649,11.713,9.551
"657","07/01/2013",17.7925,15.548,14.688,14.567,13.7186,14.735,11.713,9.552
"653","07/02/2013",17.435,15.795,15.052,14.858,15.1116,14.899,11.894,9.649
"649","07/03/2013",17.825,16.08,15.278,15.135,13.9926,15.172,11.991,9.718
"644","07/04/2013",18.03,15.94,15.245,15.12,15.0807,15.486,12.079,9.771
"640","07/05/2013",15.795,15.96,15.342,15.155,11.6395,15.501,11.738,9.76
"632","07/08/2013",16.435,15.648,14.983,14.915,12.1408,15.529,11.758,9.73
"628","07/09/2013",15.0375,14.203,14.778,14.73,9.7964,15.481,11.718,9.735
"624","07/10/2013",15.1475,14.872,14.722,14.695,8.2259,15.34,11.717,9.728
"619","07/11/2013",14.745,14.292,14.315,14.278,5.6928,15.134,11.74,9.729
"615","07/12/2013",12.36,13.855,13.915,13.943,6.4973,14.497,11.769,9.745
"607","07/15/2013",14.04,13.038,13.307,13.372,16.3997,15.492,12.292,10.203
"603","07/16/2013",15.43,13.9,13.597,13.542,19.6861,16.15,12.654,10.417
"599","07/17/2013",14.62,13.715,13.408,13.355,21.4953,16.612,12.819,10.562
"594","07/18/2013",14.885,13.618,13.358,13.267,21.3356,15.229,12.698,10.557
"590","07/19/2013",12.5275,13.073,12.985,12.985,21.9506,14.65,12.792,10.625
"582","07/22/2013",13.0625,12.862,12.795,12.81,16.2194,14.687,12.82,10.655
"578","07/23/2013",12.47,12.483,12.488,12.59,13.3123,14.677,12.917,10.694
"574","07/24/2013",13.3925,12.962,12.858,12.825,15.2739,15.629,13.26,10.934
"569","07/25/2013",13.7025,12.953,12.87,12.828,15.4565,15.156,13.217,10.945
"565","07/26/2013",12.125,12.807,12.813,12.84,14.4673,15.143,13.241,10.766
"557","07/29/2013",14.265,13.09,13.12,13.092,14.4554,14.547,13.272,10.746
"553","07/30/2013",14.695,13.597,13.462,13.432,14.22,14.791,13.348,10.794
"549","07/31/2013",15.085,13.878,13.7,13.653,8.3707,14.372,13.361,10.802
"544","08/01/2013",15.6175,14.17,14.167,14.05,11.7015,14.686,13.528,10.93
"540","08/02/2013",14.275,13.705,13.852,13.827,12.3473,14.541,13.597,10.968
"532","08/05/2013",13.0625,13.202,13.528,13.645,12.2456,14.665,13.643,10.983
"528","08/06/2013",12.07,12.727,13.19,13.337,10.951,14.568,13.633,10.982
"524","08/07/2013",11.5825,12.667,13.27,13.435,11.6194,14.692,13.681,10.948
"519","08/08/2013",12.5075,12.87,13.333,13.422,12.7703,15.44,13.935,11.122
"515","08/09/2013",10.19,12.375,12.958,12.975,12.1692,15.459,13.895,11.138
"507","08/12/2013",11.53,12.58,12.903,13.023,11.9572,15.461,13.825,11.16
"503","08/13/2013",12.52,12.97,13.21,13.368,15.6197,14.362,14.088,11.32
"499","08/14/2013",12.9375,13.285,13.545,13.682,15.2699,13.383,14.074,11.327
"494","08/15/2013",14.425,13.807,13.968,14.042,12.6838,12.911,14.152,11.354
"490","08/16/2013",14.455,14.925,14.903,14.813,19.7671,14.955,14.758,11.751
"482","08/19/2013",18.4375,17.13,16.198,15.97,20.3928,14.945,14.854,11.797
"478","08/20/2013",17.33,16.345,15.485,15.373,18.363,14.964,14.911,11.828
"474","08/21/2013",18.6175,17.443,16.36,15.993,24.9901,16.9,15.634,12.27
"469","08/22/2013",18.0125,17.053,15.8,15.763,25.0263,16.133,15.701,12.317
"465","08/23/2013",16.06,16.135,15.23,15.198,32.9257,20.613,17.312,13.366
"457","08/26/2013",18.0175,16.5,15.278,15.14,33.971,21.173,17.546,13.512
"453","08/27/2013",17.985,16.9,15.653,15.37,33.797,21.122,17.505,13.515
"449","08/28/2013",19.1825,17.587,16.048,15.515,30.4637,21.411,17.261,13.632
"444","08/29/2013",18.9725,17.435,16.11,15.615,30.4006,21.532,17.32,13.663
"440","08/30/2013",17.2575,17.575,16.327,15.81,17.0825,21.488,17.204,13.754
"432","09/02/2013",19.2675,17.645,16.33,15.913,13.8045,21.386,17.138,13.727
"428","09/03/2013",19.185,17.448,16.375,15.997,13.859,21.358,17.166,13.743
"424","09/04/2013",18.395,16.885,16.032,15.743,10.6103,21.37,17.167,13.743
"419","09/05/2013",19.435,17.01,15.9,15.655,14.4273,21.933,17.438,13.873
"415","09/06/2013",17.1975,15.922,15.292,15.165,13.2166,21.553,17.488,13.902
"407","09/09/2013",15.005,15.07,14.735,14.682,16.0324,21.984,17.658,14.013
"403","09/10/2013",15.345,14.882,14.465,14.38,15.7955,21.944,17.615,14.01
"399","09/11/2013",15.3825,15.165,14.642,14.523,15.9771,21.433,17.56,14.021
"394","09/12/2013",16.6025,14.97,14.55,14.49,11.5428,21.384,17.359,13.993
"390","09/13/2013",15.9875,14.283,14.135,14.165,10.2089,21.237,17.111,13.995
"382","09/16/2013",15.85,14.065,13.905,13.943,4.1398,19.858,17.034,13.996
"378","09/17/2013",15.9275,14.137,13.89,13.872,9.3491,20.083,17.164,14.096
"374","09/18/2013",15.5675,13.755,13.352,13.343,24.5826,22.868,17.91,14.76
"369","09/19/2013",14.8375,13.765,13.523,13.382,25.1298,21.423,17.729,14.793
"365","09/20/2013",15.09,14.105,13.722,13.517,25.6461,21.413,17.756,14.829
"357","09/23/2013",13.9125,13.66,13.427,13.345,26.2828,17.341,17.748,14.873
"353","09/24/2013",14.3125,13.96,13.575,13.513,24.8148,16.588,17.714,14.871
"349","09/25/2013",14.8175,14.218,13.91,13.847,12.9173,17.05,17.734,14.951
"344","09/26/2013",14.8225,14.472,14.417,14.327,13.1492,16.707,17.783,14.994
"340","09/27/2013",15.1025,14.655,14.435,14.327,12.2439,16.557,17.591,15.001
"332","09/30/2013",16.2625,14.948,14.31,14.202,15.6369,17.013,17.87,15.166
"328","10/01/2013",16.1425,14.965,14.177,14.055,15.6321,16.97,17.749,15.161
"324","10/02/2013",15.1525,14.5,14,13.94,13.8704,17.053,17.727,15.173
"319","10/03/2013",14.95,14.41,13.815,13.81,12.7629,17.062,17.643,15.039
"315","10/04/2013",12.7775,14.023,13.587,13.587,12.5445,16.188,17.638,15.032
"307","10/07/2013",13.8,13.895,13.398,13.558,5.3357,15.957,17.612,15.01
"303","10/08/2013",12.9425,13.313,13.23,13.327,5.742,15.317,17.612,15.008
"299","10/09/2013",13.1925,13.488,13.253,13.345,3.3513,15.299,17.604,15.011
"294","10/10/2013",13.1275,12.873,12.837,12.892,9.1574,15.821,17.755,15.105
"290","10/11/2013",12.0475,12.222,12.352,12.718,9.2469,15.833,17.732,15.01
"282","10/14/2013",11.3675,11.63,11.767,12.193,9.3039,15.825,17.209,15.004
"278","10/15/2013",11.185,11.27,11.545,12.042,9.0688,15.815,16.932,14.971
"274","10/16/2013",12.03,11.587,11.648,12.048,8.9488,15.242,16.749,14.919
"269","10/17/2013",11.08,11.222,11.485,11.983,8.2839,11.08,16.897,14.993
"265","10/18/2013",11.8725,11.53,11.86,12.325,9.8964,11.12,16.879,15.02
"257","10/21/2013",12.1075,12.003,12.083,12.352,10.019,10.85,16.841,15.018
"253","10/22/2013",11.6975,11.56,11.747,12.195,10.034,10.47,16.757,14.993
"249","10/23/2013",11.46,11.53,11.798,12.198,10.1348,10.496,16.446,14.969
"244","10/24/2013",11.9775,11.585,11.765,12.343,14.0523,11.404,16.802,15.174
"240","10/25/2013",9.43,10.425,10.9,11.682,15.8081,11.916,16.972,15.268
"232","10/28/2013",9.4325,9.355,9.93,11.08,15.895,11.924,16.941,15.271
"228","10/29/2013",9.1075,9.222,9.94,11.005,15.9621,10.586,16.878,15.274
"224","10/30/2013",9.39,9.472,10.247,11.19,15.8858,10.586,16.867,15.256
"219","10/31/2013",13.385,11.613,11.692,12.225,19.5278,13.23,17.353,15.618
"215","11/01/2013",12.275,12.352,12.497,12.872,18.3686,13.548,17.386,15.666
"207","11/04/2013",12.51,12.19,12.395,12.82,18.5547,13.663,17.376,15.677
"203","11/05/2013",15.7225,14.18,14.077,14.045,22.4454,15.008,17.731,15.873
"199","11/06/2013",15.205,14.295,14.1,14.115,22.4456,14.972,17.688,15.861
"194","11/07/2013",16.5425,14.92,14.625,14.67,15.9911,15.272,17.557,15.881
"190","11/08/2013",13.0675,14.712,14.8,14.75,14.9339,14.72,17.551,15.844
"182","11/11/2013",13.92,14.087,14.222,14.382,15.36,14.916,17.581,15.869
"178","11/12/2013",14.0625,13.708,13.712,13.868,8.6247,14.911,17.359,15.852
"174","11/13/2013",12.5475,12.443,12.432,12.835,8.6256,14.91,17.339,15.852
"169","11/14/2013",12.7,12.267,12.375,12.753,7.4212,15.076,17.323,15.864
"165","11/15/2013",12.05,11.942,12.163,12.673,6.9425,14.554,16.783,15.864
"157","11/18/2013",12.9575,12.112,12.118,12.545,18.117,16.653,17.388,16.232
"153","11/19/2013",12.675,12.798,12.602,12.868,18.2785,16.673,17.352,16.229
"149","11/20/2013",14.1825,13.507,13.063,13.185,18.2778,16.67,16.683,16.226
"144","11/21/2013",14.4625,13.682,13.573,13.642,20.8745,17.509,16.895,16.365
"140","11/22/2013",12.5175,13.03,13.16,13.41,22.4414,16.873,15.396,16.444
"132","11/25/2013",13.55,13.245,13.313,13.465,14.0939,16.283,15.128,16.41
"128","11/26/2013",13.605,12.727,13.32,13.542,14.4629,16.36,15.144,16.202
"124","11/27/2013",13.9725,13.243,13.592,13.78,17.7479,17.094,15.204,16.328
"119","11/28/2013",14.41,13.167,13.52,13.71,15.0496,17.333,15.224,16.229
"115","11/29/2013",14.33,13.212,13.625,13.807,14.4934,15.618,15.19,16.249
"107","12/02/2013",14.735,13.59,14.017,14.047,15.954,15.665,15.29,16.303
"103","12/03/2013",15.1825,13.605,14.05,14.11,16.5621,15.842,15.351,16.344
"99","12/04/2013",15.4925,13.945,14.233,14.28,13.0165,14.581,15.347,16.345
"94","12/05/2013",15.925,13.655,13.8,13.895,12.8815,14.832,15.117,16.372
"90","12/06/2013",13.9325,12.93,13.345,13.517,14.1056,15.179,15.251,16.459
"82","12/09/2013",12.1825,12.352,12.93,13.355,12.8555,15.22,15.057,16.444
"78","12/10/2013",11.63,11.942,12.782,13.22,11.8418,15.106,15.075,16.418
"74","12/11/2013",12.5825,12.573,13.16,13.43,14.3527,15.618,15.223,16.389
"69","12/12/2013",14.6325,12.692,13.273,13.495,13.4797,15.669,15.24,16.262
"65","12/13/2013",15.0275,12.552,13.12,13.417,10.1567,15.552,15.249,16.227
"57","12/16/2013",14.325,12.593,12.955,13.342,9.8522,15.597,15.26,16.213
"53","12/17/2013",14.37,12.775,13.137,13.405,9.4044,13.081,15.077,15.994
"49","12/18/2013",12.9475,12.278,12.932,13.283,8.219,13.434,13.8,15.915
"44","12/19/2013",11.36,12.185,12.935,13.235,8.0997,13.476,13.737,15.901
"40","12/20/2013",10.425,12.53,13.077,13.267,11.3572,12.993,13.851,15.939
"32","12/23/2013",11.22,12.313,12.962,13.233,12.8338,12.751,13.871,15.97
"28","12/24/2013",11.63,12.323,12.88,13.163,12.7115,12.739,13.87,15.889
"24","12/25/2013",11.6625,12.305,12.915,13.188,10.7591,12.579,13.657,15.876
"19","12/26/2013",10.8375,12.278,12.9,13.163,10.6648,11.562,13.571,15.764
"15","12/27/2013",9.9,12.292,12.905,13.195,7.8199,11.378,13.602,15.784
"7","12/30/2013",11.9675,12.948,13.177,13.417,8.505,11.393,13.385,15.78
"3","12/31/2013",11.7475,12.998,13.24,13.465,8.505,10.904,13.385,15.738
"1305","01/01/2014",12.245,13.033,13.333,13.497,8.505,10.495,13.315,15.685
"1300","01/02/2014",14.925,14.438,14.235,14.138,12.8654,11.522,13.578,15.801
"1296","01/03/2014",13.42,13.97,13.948,13.952,12.8236,11.362,13.622,15.805
"1288","01/06/2014",13.59,13.583,13.765,13.837,10.6709,10.466,13.628,15.802
"1284","01/07/2014",13.4175,13.225,13.452,13.625,10.762,10.35,13.621,15.797
"1280","01/08/2014",13.4725,13.32,13.533,13.648,12.0236,10.544,13.695,15.823
"1275","01/09/2014",13.3875,13.305,13.488,13.592,7.3601,9.829,13.494,15.815
"1271","01/10/2014",12.1825,12.313,12.865,13.135,10.7993,10.659,13.71,15.617
"1263","01/13/2014",11.7925,12.375,12.642,12.955,11.0024,10.667,13.725,15.472
"1259","01/14/2014",12.33,12.667,12.878,13.188,11.0667,10.638,13.734,15.375
"1255","01/15/2014",12.955,12.753,12.97,13.275,9.7747,10.624,13.738,15.376
"1250","01/16/2014",13.555,12.635,12.92,13.26,10.5134,10.336,13.613,15.353
"1246","01/17/2014",10.6475,11.875,12.452,13.003,7.2951,10.519,13.584,15.354
"1238","01/20/2014",10.995,11.907,12.415,12.915,6.9699,9.729,13.579,15.31
"1234","01/21/2014",11.7725,12.335,12.657,13.073,8.8337,9.62,13.67,15.178
"1230","01/22/2014",11.33,12.305,12.635,13.035,9.2359,9.732,13.689,15.182
"1225","01/23/2014",13.1275,12.847,12.93,13.208,10.6384,10.306,13.373,15.232
"1221","01/24/2014",14.56,13.47,13.253,13.468,9.6725,10.288,13.134,15.208
"1213","01/27/2014",14.485,13.835,13.608,13.748,11.6098,10.592,13.241,15.224
"1209","01/28/2014",14.26,13.727,13.767,13.852,10.1981,10.004,13.239,15.221
"1205","01/29/2014",14.935,14.302,14.195,14.227,10.1093,10.09,13.261,15.137
"1200","01/30/2014",13.87,13.718,13.8,14.028,10.6206,10.764,12.577,15.181
"1196","01/31/2014",12.6,13.677,13.825,14.05,10.623,9.66,12.459,15.16
"1188","02/03/2014",15.1475,14.227,14.097,14.193,10.0921,9.863,12.517,15.201
"1184","02/04/2014",14.2675,13.878,13.817,14.045,12.8673,10.601,12.217,15.26
"1180","02/05/2014",14.1125,13.305,13.753,13.895,12.7361,10.623,12.23,15.136
"1175","02/06/2014",13.8975,13.318,13.702,13.91,10.8787,10.47,12.149,15.143
"1171","02/07/2014",13.3225,13.113,13.395,13.685,10.9076,10.428,12.133,15.13
"1163","02/10/2014",12.915,13.055,13.432,13.615,12.3796,10.296,12.26,15.085
"1159","02/11/2014",13.1825,13.087,13.432,13.71,9.6205,10.276,12.274,15.08
"1155","02/12/2014",12.89,12.752,13.142,13.472,11.4168,10.711,12.404,15.097
"1150","02/13/2014",11.925,12.23,13.028,13.42,11.9928,11.005,12.427,14.824
"1146","02/14/2014",10.8475,12.22,12.842,13.24,13.3239,11.166,12.537,14.821
"1138","02/17/2014",12.175,12.34,12.573,13.165,10.6445,10.968,11.567,14.795
"1134","02/18/2014",11.7425,12.15,12.62,13.182,10.5601,10.981,11.556,14.406
"1130","02/19/2014",11.7075,12.075,12.67,13.233,8.3833,10.625,11.558,14.365
"1125","02/20/2014",12.5125,12.073,12.545,13.093,9.5175,11.062,11.308,13.462
"1121","02/21/2014",10.405,11.363,12.17,12.743,10.587,11.155,11.271,13.39
"1113","02/24/2014",11.3925,11.593,11.79,12.577,10.5615,11.162,11.273,13.376
"1109","02/25/2014",10.5425,11.54,12.057,12.648,10.4092,10.691,11.215,13.257
"1105","02/26/2014",11.2725,11.92,12.305,12.818,10.6593,10.732,10.867,13.227
"1100","02/27/2014",9.815,11.52,12.033,12.64,9.1551,10.862,10.812,13.159
"1096","02/28/2014",8.72,11.347,11.927,12.517,5.2348,10.203,10.63,13.151
"1087","03/03/2014",11.4175,11.217,12.15,12.63,5.0567,10.189,10.463,13.133
"1083","03/04/2014",10.57,11.605,12.097,12.675,5.0491,9.804,10.327,13.129
"1078","03/05/2014",10.6925,11.403,11.925,12.523,7.5979,9.46,10.464,13.004
"1074","03/06/2014",11.4175,11.452,11.807,12.46,6.4138,9.443,10.359,12.961
"1070","03/07/2014",9.9025,11.56,11.977,12.573,8.2538,9.599,10.146,12.87
"1062","03/10/2014",11.965,11.302,12.265,12.715,8.7452,9.679,10.131,12.875
"1058","03/11/2014",11.82,12.132,12.352,12.863,9.6847,9.053,10.153,12.889
"1053","03/12/2014",11.3925,11.898,12.222,12.762,7.8606,9.065,9.92,12.898
"1049","03/13/2014",12.3875,11.842,12.15,12.77,8.2719,8.627,9.929,12.908
"1045","03/14/2014",10.2775,11.688,12.105,12.74,7.3047,8.402,9.955,12.924
"1037","03/17/2014",12.085,11.907,12.188,12.823,6.8885,7.92,9.941,12.815
"1033","03/18/2014",11.31,11.565,11.932,12.725,6.1621,8.001,9.96,12.007
"1028","03/19/2014",11.3925,11.635,12.038,12.773,6.1566,8.04,9.804,11.972
"1024","03/20/2014",10.565,10.93,11.59,12.445,8.4108,8.633,9.949,11.994
"1020","03/21/2014",9.38,10.955,11.755,12.515,7.6363,7.932,9.678,11.938
"1012","03/24/2014",10.5925,10.935,11.57,12.563,7.5115,7.033,9.513,11.939
"1008","03/25/2014",10.6275,10.98,11.74,12.613,7.8497,7.22,9.566,11.836
"1003","03/26/2014",10.285,10.477,11.44,12.41,7.8326,7.311,9.588,11.79
"999","03/27/2014",10.3825,10.528,11.427,12.298,14.6766,9.938,10.335,12.099
"995","03/28/2014",11.92,11.118,11.833,12.512,14.6844,9.711,10.274,11.891
"987","03/31/2014",12.4425,11.405,11.958,12.632,15.0482,9.842,10.117,11.91
"983","04/01/2014",12.3175,11.602,12.01,12.692,14.8232,9.918,10.141,11.881
"978","04/02/2014",12.94,11.655,11.92,12.555,14.7322,9.953,10.152,11.879
"974","04/03/2014",12.6025,11.422,11.882,12.525,5.6638,9.626,9.826,11.897
"970","04/04/2014",10.07,11.007,11.403,12.29,15.2284,11.82,10.523,12.218
"962","04/07/2014",11.715,11.36,11.675,12.497,16.4039,12.029,10.691,12.288
"958","04/08/2014",12.6525,11.73,11.898,12.545,16.7008,12.106,10.742,12.31
"953","04/09/2014",12.985,11.855,11.95,12.6,16.6413,11.944,10.642,12.19
"949","04/10/2014",12.9525,11.618,11.83,12.602,16.5889,11.978,10.656,12.202
"945","04/11/2014",13.315,11.958,12.045,12.673,12.679,12.716,10.683,12.336
"937","04/14/2014",11.295,11.847,12.015,12.747,10.6236,12.604,10.661,12.336
"933","04/15/2014",10.68,12.147,12.265,12.975,11.3542,12.882,10.765,12.386
"928","04/16/2014",10.0375,11.855,12.212,13.013,11.6386,12.879,10.785,12.296
"924","04/17/2014",10.62,11.83,12.29,12.978,11.3192,12.843,10.719,12.25
"920","04/18/2014",9.18,11.908,12.355,12.99,6.5104,12.448,10.644,12.244
"911","04/21/2014",10.6425,11.858,12.307,12.997,6.4594,12.447,10.637,12.243
"906","04/22/2014",10.8975,12.077,12.37,13.023,3.1009,12.442,10.518,12.24
"902","04/23/2014",10.935,11.995,12.29,13.028,5.4982,12.586,10.587,12.029
"898","04/24/2014",10.675,11.747,12.155,12.903,5.859,12.59,10.432,11.904
"893","04/25/2014",10.0775,11.605,12.017,12.835,10.8709,11.481,10.733,12.029
"885","04/28/2014",12.0425,11.852,12.167,12.915,12.4669,11.857,10.711,12.085
"881","04/29/2014",11.5375,11.665,11.995,12.798,12.9884,11.877,10.752,12.106
"877","04/30/2014",10.6475,11.095,11.57,12.547,11.8934,11.822,10.729,11.637
"873","05/01/2014",10.91,10.852,11.43,12.39,11.6415,11.794,10.516,11.571
"868","05/02/2014",8.6975,10.552,11.19,12.1,8.1093,11.825,10.563,11.572
"860","05/05/2014",10.945,10.612,11.325,12.15,8.7601,10.181,10.62,11.38
"856","05/06/2014",10.2675,10.7,11.22,12.125,9.1521,9.846,10.455,11.414
"852","05/07/2014",10.03,10.5,11.105,12,9.953,9.846,10.5,11.373
"848","05/08/2014",10.335,10.38,10.967,11.993,9.9577,9.838,10.445,11.361
"843","05/09/2014",8.6875,10.15,10.875,11.91,9.2433,9.729,10.44,11.317
"835","05/12/2014",9.54,9.28,10.74,11.778,6.1252,8.62,10.193,11.317
"831","05/13/2014",8.905,9.595,10.548,11.715,4.141,8.611,10.174,11.317
"827","05/14/2014",8.8075,9.41,10.46,11.675,4.1985,8.393,10.078,11.309
"823","05/15/2014",10.16,9.795,10.64,11.95,6.8322,8.697,10.081,11.359
"818","05/16/2014",8.1475,9.71,10.745,11.93,6.9598,8.699,9.953,10.827
"810","05/19/2014",9.4475,9.273,10.763,11.837,7.1996,8.749,9.958,10.823
"806","05/20/2014",9.7225,9.975,10.865,12.075,7.7981,8.871,9.98,10.839
"802","05/21/2014",9.0975,9.837,10.778,11.993,7.1987,8.972,10.008,10.63
"798","05/22/2014",9.49,9.533,10.6,11.868,5.6281,8.717,9.854,10.523
"793","05/23/2014",8.235,9.488,10.555,11.83,5.6274,8.663,9.637,10.524
"785","05/26/2014",9.675,9.38,10.63,11.865,5.3106,7.425,9.631,10.493
"781","05/27/2014",10.4875,10.358,11.13,12.29,6.5347,7.201,9.724,10.34
"777","05/28/2014",9.7425,10.038,11.015,12.245,6.3581,7.068,9.722,10.286
"773","05/29/2014",9.7075,9.265,10.622,11.905,6.2161,7.177,9.676,10.202
"768","05/30/2014",8.365,9.023,10.405,11.83,8.2517,7.68,9.798,10.175
"760","06/02/2014",11.565,10.41,11.28,12.355,14.0097,9.285,10.29,10.348
"756","06/03/2014",11.7475,10.307,11.083,12.252,13.1862,8.659,10.294,10.349
"752","06/04/2014",12.1425,10.333,11.077,12.325,12.9913,8.378,10.152,10.291
"748","06/05/2014",10.6075,9.665,10.628,11.945,13.7033,8.522,10.242,10.181
"743","06/06/2014",7.3025,8.483,9.875,11.21,13.7714,8.974,10.264,10.222
"735","06/09/2014",8.89,8.62,9.75,11.025,9.8366,9.429,10.365,10.267
"731","06/10/2014",8.1125,8.295,9.462,10.833,9.826,9.436,10.304,10.142
"727","06/11/2014",7.84,8.222,9.458,10.785,10.3,9.559,10.319,10.148
"723","06/12/2014",7.695,8.198,9.403,10.757,8.9271,9.349,10.284,10.136
"718","06/13/2014",6.57,8.075,9.465,10.8,7.8292,9.166,10.294,10.154
"710","06/16/2014",7.84,8.425,9.62,10.887,6.2744,9.313,10.335,10.174
"706","06/17/2014",10.1525,9.63,10.395,11.34,10.6256,10.177,10.58,10.228
"702","06/18/2014",10.0675,9.8,10.478,11.458,15.0299,11.432,10.997,10.449
"698","06/19/2014",7.2875,8.25,9.532,10.718,15.1672,11.395,10.864,10.328
"693","06/20/2014",6.8725,8.378,9.64,10.78,14.7059,11.312,10.868,10.251
"685","06/23/2014",7.8625,8.535,9.725,10.798,14.8471,11.475,10.929,10.285
"681","06/24/2014",8.0525,8.722,9.91,10.975,12.2898,11.525,10.9,10.294
"677","06/25/2014",7.8125,8.575,9.895,11.073,7.5992,11.587,10.984,10.345
"673","06/26/2014",9.08,8.948,10.015,11.177,8.145,11.662,10.323,10.337
"668","06/27/2014",8.68,9.052,10.238,11.323,8.1147,11.595,10.324,10.239
"660","06/30/2014",9.535,9.115,10.395,11.465,9.3572,11.676,10.428,10.314
"656","07/01/2014",8.81,9.025,10.158,11.36,9.8563,10.451,10.459,10.341
"652","07/02/2014",8.9225,9.07,10.108,11.4,10.6582,10.95,10.616,10.247
"648","07/03/2014",8.595,8.885,10.265,11.255,10.5765,11.066,10.616,10.238
"643","07/04/2014",8.605,8.87,10.173,11.138,10.5392,10.779,9.864,10.234
"635","07/07/2014",8.805,8.507,10.385,11.247,9.0194,10.513,9.711,10.249
"631","07/08/2014",8.03,8.98,10.378,11.382,8.4632,10.161,9.667,10.203
"627","07/09/2014",7.9425,9.025,10.448,11.427,5.0639,10.15,9.663,10.193
"623","07/10/2014",8.8225,9.095,10.557,11.427,4.0848,10.059,9.634,10.047
"618","07/11/2014",8.94,9.185,10.645,11.4,4.1711,10.067,9.288,10.036
"610","07/14/2014",8.4025,8.39,10.378,11.315,3.9329,9.981,9.318,10.044
"606","07/15/2014",7.8825,8.465,10.243,11.365,3.7445,9.859,9.198,10.047
"602","07/16/2014",7.6325,8.58,10.525,11.558,4.3137,8.976,9.186,10.017
"598","07/17/2014",9.82,9.225,10.905,11.86,7.8185,7.87,9.363,10.063
"593","07/18/2014",8.55,9.468,11.035,11.925,9.5654,8.268,9.489,10.118
"585","07/21/2014",8.45,9.11,10.868,11.88,9.5168,8.348,9.517,10.068
"581","07/22/2014",7.97,8.903,10.945,11.962,9.754,8.208,9.549,10.066
"577","07/23/2014",7.7575,8.667,10.933,11.997,9.928,8.251,9.468,9.988
"573","07/24/2014",8.14,8.54,10.895,11.995,7.3517,7.814,9.443,9.986
"568","07/25/2014",7.7075,8.66,11.517,12.155,5.2883,7.695,9.116,9.912
"560","07/28/2014",8.56,8.698,11.865,12.35,4.9362,7.734,8.972,9.914
"556","07/29/2014",8.7475,8.74,11.92,12.407,4.7342,7.201,8.941,9.912
"552","07/30/2014",9.665,9.315,12.225,12.55,7.1438,7.557,9.093,9.868
"548","07/31/2014",11.7225,10.443,12.805,13.075,9.1067,7.332,9.226,9.928
"543","08/01/2014",9.4775,10.765,13.073,13.188,9.0602,7.22,9.185,9.873
"535","08/04/2014",10.14,9.972,12.958,12.995,8.8879,7.223,8.982,9.743
"531","08/05/2014",11.6375,11.23,13.392,13.407,11.0953,7.861,9.108,9.835
"527","08/06/2014",11.67,11.485,13.37,13.307,9.4606,7.833,9.053,9.811
"523","08/07/2014",13.065,11.972,13.615,13.465,9.7082,8.372,9.206,9.88
"518","08/08/2014",10.6675,12.045,13.477,13.382,10.1821,8.535,9.261,9.775
"510","08/11/2014",11.52,11.02,13.218,13.052,10.4824,8.614,9.286,9.778
"506","08/12/2014",10.6875,11.413,13.075,13.017,7.7439,8.509,9.287,9.695
"502","08/13/2014",11.0125,11.38,13.233,13.157,7.8736,8.531,9.239,9.648
"498","08/14/2014",10.4125,11.132,13.125,13.163,5.7972,8.583,9.151,9.593
"493","08/15/2014",12.055,11.352,13.358,13.313,5.8418,8.149,9.201,9.617
"485","08/18/2014",11.2225,10.618,13.415,13.417,5.2699,7.683,9.186,9.61
"481","08/19/2014",10.895,11.235,13.153,13.102,6.0619,7.719,9.187,9.628
"477","08/20/2014",10.2025,10.702,12.705,12.715,6.1451,7.689,9.18,9.541
"473","08/21/2014",11.0825,10.433,12.465,12.49,6.5481,7.772,9.198,9.452
"468","08/22/2014",9.1825,10.02,11.995,12.057,6.2154,7.921,9.23,9.469
"460","08/25/2014",10.5875,10.015,12.065,12.16,6.8706,7.975,9.265,9.486
"456","08/26/2014",10.0225,10.195,12.065,12.097,9.6146,8.706,9.393,9.585
"452","08/27/2014",9.435,9.525,11.655,11.89,9.3988,8.65,9.379,9.55
"448","08/28/2014",8.93,9.61,11.27,11.6,10.9049,8.75,9.528,9.638
"443","08/29/2014",8.535,9.6,11.148,11.41,10.5185,8.327,9.406,9.641
"435","09/01/2014",9.7125,10.003,11.18,11.325,10.5811,8.409,8.908,9.661
"431","09/02/2014",10.3875,9.985,11.255,11.503,7.6184,8.414,8.906,9.586
"427","09/03/2014",10.0975,10.33,11.46,11.655,7.7751,7.739,8.924,9.59
"423","09/04/2014",10.805,10.815,11.55,11.767,4.5489,7.758,8.828,9.542
"418","09/05/2014",8.5775,10.708,11.56,11.84,4.3776,7.174,8.681,9.525
"410","09/08/2014",11.33,11.157,11.847,11.905,7.8085,7.781,8.753,9.595
"406","09/09/2014",11.8025,12.013,12.285,12.39,9.8899,8.242,8.912,9.658
"402","09/10/2014",11.5825,12.23,12.56,12.58,10.1089,8.364,8.907,9.658
"398","09/11/2014",12.145,11.948,12.417,12.517,9.897,8.291,8.907,9.632
"393","09/12/2014",12.455,12.532,12.813,12.935,16.7696,10.508,9.606,9.99
"385","09/15/2014",13.9775,13.075,13.43,13.345,15.1507,10.348,9.552,9.975
"381","09/16/2014",14.2725,13.292,13.538,13.57,14.0859,10.419,9.273,9.975
"377","09/17/2014",13.885,13.188,13.532,13.548,15.849,11,9.015,10.013
"373","09/18/2014",14.5475,13.145,13.542,13.475,16.0552,11.006,9.026,10.026
"368","09/19/2014",12.275,13.485,13.813,13.705,8.6735,10.868,9.024,10.026
"360","09/22/2014",14.5475,13.895,14.233,13.865,11.9363,11.481,9.233,10.13
"356","09/23/2014",14.8975,14.632,14.538,14.125,12.6895,11.647,9.315,10.167
"352","09/24/2014",15.08,14.773,14.688,14.245,13.1515,11.84,9.494,9.931
"348","09/25/2014",18.41,15.06,14.568,14.148,18.4707,13.466,10.129,10.265
"343","09/26/2014",15.67,17.565,15.46,14.833,18.5634,13.109,10.142,10.252
"335","09/29/2014",20.605,18.037,16.325,15.247,18.4605,13.66,10.233,10.359
"331","09/30/2014",19.785,19.845,16.72,15.477,17.7966,13.58,10.181,10.355
"327","10/01/2014",19.8025,19.93,16.765,15.648,19.6043,14.76,10.534,10.596
"323","10/02/2014",18.27,18.74,16.112,15.292,14.7738,14.795,10.526,10.24
"318","10/03/2014",16.1075,17.91,15.495,14.81,15.849,15.058,10.661,10.218
"310","10/06/2014",19.0075,17.932,15.692,15.052,19.7207,16.572,11.33,10.563
"306","10/07/2014",18.67,20.427,16.487,15.392,21.0703,16.601,11.502,10.663
"302","10/08/2014",22.4825,22.56,17.667,16.182,18.9095,16.725,11.683,10.745
"298","10/09/2014",22.8625,23.135,18.068,16.375,19.6213,16.919,11.795,10.656
"293","10/10/2014",20.4125,23.897,18.427,16.627,18.9358,16.994,11.828,10.674
"285","10/13/2014",28.07,23.108,18.733,16.792,13.1551,15.776,11.853,10.644
"281","10/14/2014",24.2625,24.642,19.022,16.862,10.9736,15.799,11.852,10.636
"277","10/15/2014",27.0525,25.505,19.19,17.112,18.9253,17.826,12.752,11.153
"273","10/16/2014",26.7575,25.145,19.513,17.37,18.4664,17.539,12.675,11.186
"268","10/17/2014",22.41,23.87,18.588,16.533,21.3004,18.315,12.952,11.397
"260","10/20/2014",38.5725,23.905,18.65,16.545,22.1004,18.635,13.081,11.483
"256","10/21/2014",38.405,26.355,18.767,16.595,22.4116,18.311,13.107,11.464
"252","10/22/2014",37.1725,25.673,18.442,16.145,15.2408,18.295,13.149,11.491
"248","10/23/2014",37.3175,22.895,17.413,15.605,16.0159,18.097,13.275,11.423
"243","10/24/2014",37.195,21.55,17.045,15.285,18.2993,18.274,13.833,11.698
"235","10/27/2014",24.785,16.47,14.5,14.15,23.6317,19.954,14.567,12.123
"231","10/28/2014",17.69,15.183,14.045,13.95,25.9978,20.373,14.902,12.334
"227","10/29/2014",19.5,15.505,14.11,14.077,27.3685,20.92,15.053,12.483
"223","10/30/2014",19.11,15.61,14.205,14.145,29.4059,21.021,15.374,12.706
"218","10/31/2014",21.2825,16.135,14.618,14.375,32.1746,22.988,16.269,13.191
"210","11/03/2014",22.675,16.98,15.02,14.57,29.0009,23.208,16.456,13.278
"206","11/04/2014",21.485,17.392,15.315,14.983,26.7084,22.188,16.354,13.264
"202","11/05/2014",22,17.62,15.47,15.058,24.8927,21.897,16.352,13.267
"198","11/06/2014",22.3,17.945,15.862,15.227,23.7877,22.169,16.512,13.419
"193","11/07/2014",19.9375,18.41,16.14,15.462,14.1243,22.006,16.494,13.427
"185","11/10/2014",18.525,17.95,15.712,15.278,11.4251,22.008,16.504,13.443
"181","11/11/2014",17.475,16.95,15.343,14.945,11.4946,21.967,16.523,13.431
"177","11/12/2014",16.515,16.25,14.962,14.747,11.4285,21.952,16.512,13.389
"173","11/13/2014",17.15,16.15,15.058,14.84,11.1432,20.875,16.721,13.528
"168","11/14/2014",18.6625,16.465,15.253,14.975,10.986,20.78,16.695,13.526
"160","11/17/2014",15.6725,15.965,15.175,14.998,10.6974,20.089,16.705,13.52
"156","11/18/2014",17.72,17.22,15.22,15.005,11.3181,19.919,16.734,13.54
"152","11/19/2014",17.445,17.173,15.192,14.958,11.7628,19.881,16.745,13.542
"148","11/20/2014",20.1525,17.455,15.433,15.205,6.5738,19.768,16.722,13.544
"143","11/21/2014",18.145,17.105,15.118,14.817,17.6377,21.091,17.311,13.925
"135","11/24/2014",17.355,16.533,14.815,14.68,20.0596,20.485,17.504,14.026
"131","11/25/2014",16.105,14.655,13.938,13.808,20.1267,18.98,17.438,14.052
"127","11/26/2014",16.34,14.335,13.565,13.47,21.7684,18.632,17.608,14.151
"123","11/27/2014",16.325,13.99,13.292,13.21,23.2778,18.478,17.668,14.206
"118","11/28/2014",16.32,14.035,13.355,13.34,19.2856,18.097,17.882,14.168
"110","12/01/2014",17.3625,14.342,13.458,13.27,16.7681,15.495,17.872,14.173
"106","12/02/2014",16.35,14.212,13.138,13.035,16.3226,14.948,17.892,14.187
"102","12/03/2014",17.21,13.93,12.903,12.835,14.363,15.048,17.924,14.177
"98","12/04/2014",16.46,13.192,12.93,12.93,15.7943,15.915,18.159,14.287
"93","12/05/2014",15.855,13.448,13.132,13.115,12.2231,15.111,18.16,14.24
"85","12/08/2014",15.66,13.802,13.215,13.145,12.3915,15.138,18.07,14.251
"81","12/09/2014",15.105,13.46,13.128,13.15,12.1408,15.082,17.998,14.243
"77","12/10/2014",15.11,13.575,13.347,13.25,12.9193,15.32,18.062,14.296
"73","12/11/2014",18.4375,14.3,13.977,13.865,11.6588,15.955,18.24,14.388
"68","12/12/2014",19.195,14.945,14.497,14.255,11.7246,15.215,17.853,14.372
"60","12/15/2014",20.555,16.425,15.725,15.298,15.7462,16.108,18.109,14.434
"56","12/16/2014",21.0975,17.705,16.46,16.075,19.1968,16.969,18.358,14.436
"52","12/17/2014",17.915,16.783,15.78,15.477,20.6029,17.472,18.428,14.557
"48","12/18/2014",16.03,15.59,15.422,15.188,22.2936,18.438,18.737,14.762
"43","12/19/2014",14.975,14.747,14.74,14.682,22.3058,18.43,18.741,14.741
"35","12/22/2014",14.54,14.905,14.788,14.685,19.4625,16.6,18.604,14.736
"31","12/23/2014",14.495,14.905,14.802,14.735,19.6308,16.849,18.822,14.869
"27","12/24/2014",14.525,14.84,14.882,14.778,17.2761,16.73,18.688,14.863
"23","12/25/2014",14.475,14.903,14.91,14.788,11.9267,16.155,18.324,14.862
"18","12/26/2014",12.925,14.35,14.51,14.512,13.8062,16.001,18.422,14.876
"10","12/29/2014",12.445,14.445,14.523,14.5,16.4164,15.849,18.456,14.961
"6","12/30/2014",13.3,14.855,14.632,14.54,19.0394,17.414,18.916,15.19
"2","12/31/2014",13.355,14.865,14.733,14.507,18.8319,17.346,18.627,15.176
"1304","01/01/2015",14.625,14.905,14.755,14.507,18.8319,17.214,18.609,15.176
"1299","01/02/2015",12.39,15.038,14.73,14.632,21.6267,17.55,18.869,15.371
"1291","01/05/2015",16.92,15.82,15.02,14.79,21.4223,18.024,18.602,15.455
"1287","01/06/2015",15.955,15.405,14.778,14.78,17.1842,18.358,18.611,15.53
"1283","01/07/2015",15.2325,15.153,14.705,14.59,17.1972,18.336,18.498,15.528
"1279","01/08/2015",14.525,14.673,14.542,14.57,18.4061,18.364,18.513,15.581
"1274","01/09/2015",13.395,14.038,14.063,14.215,16.0117,18.349,18.659,15.672
"1266","01/12/2015",14.27,14.525,14.323,14.435,15.2897,18.65,18.727,15.728
"1262","01/13/2015",14.895,14.493,14.032,14.09,15.6313,18.335,18.865,15.809
"1258","01/14/2015",14.955,14.577,13.917,13.85,16.2245,17.64,18.3,15.778
"1254","01/15/2015",16.3325,14.425,14.445,14.42,15.7856,17.19,18.321,15.776
"1249","01/16/2015",15.91,14.583,14.493,14.36,13.4944,16.178,18.091,15.785
"1241","01/19/2015",16.4,14.733,14.635,14.41,14.2849,16.671,18.133,15.861
"1237","01/20/2015",16.355,14.88,14.613,14.398,15.5407,17.42,18.326,15.984
"1233","01/21/2015",16.56,14.743,14.423,14.31,14.9666,16.515,18.283,15.986
"1229","01/22/2015",14.93,13.868,13.852,13.993,17.8648,17.333,18.452,16.129
"1224","01/23/2015",14,13.577,13.635,13.722,17.8812,17.435,18.058,16.143
"1216","01/26/2015",14.4775,13.515,13.43,13.545,15.8971,17.109,17.473,16.14
"1212","01/27/2015",13.65,12.762,12.8,13.073,12.9106,16.703,17.224,16.123
"1208","01/28/2015",13.42,12.675,12.807,13.092,12.8882,15.032,17.012,16.086
"1204","01/29/2015",14.46,13.2,13.265,13.455,10.8308,15.618,16.822,16.172
"1199","01/30/2015",18.73,15.09,14.313,14.313,22.7174,18.504,16.917,16.66
"1191","02/02/2015",18.795,15.57,14.77,14.557,25.5981,18.368,17.059,16.767
"1187","02/03/2015",17.82,15.745,15.083,14.823,26.6116,18.394,17.213,16.85
"1183","02/04/2015",18.665,16.19,15.102,15.003,29.423,19.021,17.56,16.99
"1179","02/05/2015",18.58,15.73,15.05,14.863,28.1219,19.021,17.329,16.975
"1174","02/06/2015",16.4225,16.865,15.672,15.28,21.3533,19.243,17.49,17.058
"1166","02/09/2015",16.935,16.938,15.43,15.173,17.8472,18.766,17.478,17.063
"1162","02/10/2015",17.0925,17.48,15.96,15.54,22.7788,20.155,18.056,17.368
"1158","02/11/2015",18.79,18.23,16.85,16.32,20.9381,20.199,18.221,17.446
"1154","02/12/2015",17.2175,17.452,16.568,16.02,24.1294,20.922,18.317,17.59
"1149","02/13/2015",16.3125,17.147,16.205,15.783,22.6691,20.817,18.334,17.601
"1141","02/16/2015",16.525,16.92,16.138,15.833,22.5534,20.735,18.325,17.591
"1137","02/17/2015",15.9625,16.995,16.315,15.837,15.2676,20.326,18.278,17.585
"1133","02/18/2015",17.68,17.385,16.31,15.875,12.4783,19.687,18.258,17.571
"1129","02/19/2015",18.3275,17.61,16.427,15.958,7.912,19.983,18.358,17.616
"1124","02/20/2015",17.71,17.39,16.49,16.028,7.2265,19.23,17.783,17.607
"1116","02/23/2015",18.655,17.568,16.175,15.98,7.718,19.183,17.59,17.555
"1112","02/24/2015",17.39,16.89,16.142,16.022,13.9884,19.989,17.832,17.702
"1108","02/25/2015",17.405,16.943,16.108,16.01,17.5935,20.532,17.908,17.78
"1104","02/26/2015",20.6675,17.212,16.147,16.097,18.1146,20.926,17.905,17.854
"1099","02/27/2015",18.2425,17.015,16.212,16.063,22.4776,21.498,18.069,18.035
"1089","03/02/2015",18.9475,17.403,16.272,16.165,24.5891,19.725,18.284,18.148
"1086","03/03/2015",20.1425,17.795,16.695,16.522,23.2865,19.304,18.418,18.222
"1082","03/04/2015",21.8775,18.64,17.158,16.877,23.4587,19.596,18.633,18.348
"1077","03/05/2015",21.62,18.47,17.2,16.94,22.8607,18.873,18.482,18.392
"1073","03/06/2015",19.095,18.295,17.458,17.175,23.2141,20.054,18.88,18.541
"1064","03/09/2015",23.5225,20.235,18.19,17.772,25.1503,20.763,19.265,18.711
"1061","03/10/2015",24.165,20.69,18.55,18.16,24.1204,20.865,19.303,18.725
"1057","03/11/2015",23.555,20.397,18.385,17.893,22.1266,19.417,19.287,18.757
"1052","03/12/2015",24.315,20.11,18.79,18.015,23.0018,19.437,19.283,18.652
"1048","03/13/2015",26.255,21.87,19.685,18.713,26.2005,20.663,19.967,19.013
"1039","03/16/2015",25.435,21.78,19.522,18.522,22.0613,20.606,19.736,19.007
"1036","03/17/2015",26.6475,21.998,19.487,18.563,21.5659,20.614,19.495,18.945
"1032","03/18/2015",24.7025,20.815,18.923,17.88,21.8556,20.863,19.393,18.983
"1027","03/19/2015",25.9875,21.695,19.493,18.248,26.9604,22.667,19.736,19.317
"1023","03/20/2015",25.8325,21.838,19.323,18.158,23.9026,23.412,20.109,19.445
"1014","03/23/2015",26.2925,22.233,19.193,17.952,32.4875,25.758,21.013,19.898
"1011","03/24/2015",26.9825,22.75,19.995,18.243,32.5107,25.738,20.778,19.829
"1007","03/25/2015",25.3925,22.132,20.005,18.4,34.9326,26.061,21.142,19.86
"1002","03/26/2015",26.5775,22.493,20.943,19.107,30.1415,25.62,21.177,19.875
"998","03/27/2015",25.0075,22.522,21.403,19.493,30.4664,26.286,21.473,20.022
"989","03/30/2015",25.505,22.66,21.333,19.65,21.5343,25.566,21.366,20.041
"986","03/31/2015",24.99,22.638,21.063,19.315,22.6013,25.3,21.05,19.952
"982","04/01/2015",24.7875,21.717,20.313,19.007,18.9176,25.205,21.148,19.996
"977","04/02/2015",22.7975,20.395,19.623,18.4,20.9842,25.104,21.332,20.058
"973","04/03/2015",21.7775,20.032,19.318,18.228,15.0099,24.904,21.034,19.863
"964","04/06/2015",22.12,19.825,19.23,18.118,14.3827,23.97,20.907,19.81
"961","04/07/2015",21.085,19.603,18.65,18.048,12.5606,22.958,20.798,19.757
"957","04/08/2015",19.6975,19.048,18.25,17.685,21.5245,24.639,21.451,20.072
"952","04/09/2015",20.5375,19.6,18.628,18.015,19.1181,24.508,21.38,20.065
"948","04/10/2015",19.505,19.447,18.375,17.94,19.5861,24.198,21.266,20.067
"939","04/13/2015",20.1225,19.162,18.43,17.855,22.2255,22.994,21.381,20.172
"936","04/14/2015",17.6775,18.118,17.607,17.415,25.928,23.9,21.574,20.063
"932","04/15/2015",17.5575,17.737,17.315,17.14,19.559,24.237,21.664,20.112
"927","04/16/2015",20.09,17.653,17.495,17.23,19.5494,24.04,21.618,19.996
"923","04/17/2015",18.495,18.035,17.712,17.42,19.6705,22.464,21.633,19.969
"914","04/20/2015",18.32,18.25,17.74,17.403,16.6849,21.423,21.514,19.956
"910","04/21/2015",18.61,18.26,17.743,17.41,9.9603,18.535,21.319,19.934
"905","04/22/2015",18.2775,18.083,17.49,17.13,7.6211,18.698,21.367,19.92
"901","04/23/2015",19.9625,17.755,17.42,17.2,12.1967,17.967,21.313,19.814
"897","04/24/2015",18.1675,17.397,17.263,17.068,12.1555,17.986,21.325,19.566
"887","04/27/2015",18.725,17.522,17.03,16.927,14.6275,16.997,21.444,19.502
"884","04/28/2015",20.64,18.767,17.52,17.15,15.6156,17.065,21.458,19.437
"880","04/29/2015",20.1675,18.498,17.52,17.085,15.5931,16.908,21.505,19.305
"876","04/30/2015",20.93,19.27,18.215,17.42,17.7396,17.678,21.666,19.097
"872","05/01/2015",22.215,19.563,18.497,17.69,17.1293,16.985,20.92,19.016
"862","05/04/2015",22.5275,20.865,19.065,18.03,23.131,19.044,21.228,19.324
"859","05/05/2015",25.6225,21.028,19.08,18.165,23.4709,19.316,21.174,19.368
"855","05/06/2015",24.8175,20.858,19.04,18.138,23.4395,19.471,20.932,19.289
"851","05/07/2015",25.385,20.7,18.968,17.955,19.7234,17.171,20.94,19.288
"847","05/08/2015",20.0525,19.22,18.307,17.51,23.3126,18.19,21.08,19.432
"837","05/11/2015",20.695,20.017,18.713,18.095,25.7371,20.713,21.842,19.849
"834","05/12/2015",20.195,19.897,18.71,18.167,26.6604,20.609,21.52,19.94
"830","05/13/2015",20.1525,19.693,18.59,18.007,26.5657,19.675,21.417,19.865
"826","05/14/2015",20.125,19.302,18.515,17.963,28.5898,19.959,21.368,19.976
"822","05/15/2015",19.685,19.212,18.403,17.9,25.7537,19.945,21.351,19.972
"812","05/18/2015",18.395,19.112,17.925,17.513,15.3557,19.825,21.356,19.954
"809","05/19/2015",17.65,18.865,17.89,17.507,14.3786,20.191,21.473,20.006
"805","05/20/2015",17.8125,18.745,17.68,17.365,16.1215,20.624,21.604,20.075
"801","05/21/2015",18.5925,18.3,17.362,17.125,14.7172,20.883,21.643,19.884
"797","05/22/2015",17.8925,19.04,17.932,17.54,19.5856,21.301,21.94,19.954
"787","05/25/2015",19.8275,19.375,18.015,17.665,19.5323,21.183,21.928,19.931
"784","05/26/2015",20.38,19.673,18.108,17.57,21.959,21.715,21.98,20.015
"780","05/27/2015",20.835,19.702,18.017,17.532,20.4027,21.597,21.793,19.953
"776","05/28/2015",20.795,18.86,17.827,17.337,19.1579,21.578,21.712,19.879
"772","05/29/2015",19.1025,18.61,17.713,17.31,14.5834,20.723,21.421,19.887
"762","06/01/2015",21.145,19.108,17.85,17.462,14.7421,20.751,21.238,19.883
"759","06/02/2015",20.8775,18.97,17.74,17.343,10.9662,19.308,21.229,19.931
"755","06/03/2015",20.59,18.49,17.685,17.11,10.5857,19.024,21.005,19.819
"751","06/04/2015",21.6325,18.667,17.72,17.173,9.3739,18.86,20.928,19.819
"747","06/05/2015",19.0925,18.053,17.507,17.118,8.8748,18.856,20.578,19.814
"737","06/08/2015",17.53,17.525,17.37,17.257,11.2114,18.197,20.299,19.862
"734","06/09/2015",17.065,17.292,16.91,16.81,8.3363,15.219,20.279,19.836
"730","06/10/2015",16.5575,17.055,16.868,16.813,9.5914,14.649,20.264,19.776
"726","06/11/2015",17.62,17.517,17.165,17.077,11.4985,14.804,20.186,19.814
"722","06/12/2015",17.9475,16.728,16.555,16.56,13.2775,14.245,19.601,19.744
"712","06/15/2015",18.155,17.055,16.597,16.56,11.2536,14.26,19.605,19.624
"709","06/16/2015",17.93,17.118,16.568,16.478,13.9424,14.892,19.759,19.61
"705","06/17/2015",18.2475,16.858,16.503,16.45,15.1639,14.837,19.788,19.513
"701","06/18/2015",18.7275,15.793,16.025,15.96,13.8108,14.237,19.137,19.512
"697","06/19/2015",16.0875,15.945,16.095,15.977,14.7545,14.254,18.894,19.585
"687","06/22/2015",15.08,15.467,15.737,15.792,15.2005,12.924,17.915,19.471
"684","06/23/2015",14.2,15.472,15.672,15.802,12.3249,12.926,17.911,19.465
"680","06/24/2015",16.0575,15.432,15.425,15.573,10.9277,11.565,17.519,19.49
"676","06/25/2015",18.3875,15.36,15.442,15.6,12.8862,11.963,17.581,19.487
"672","06/26/2015",17.3125,15.18,15.487,15.63,9.532,11.723,17.105,19.408
"662","06/29/2015",18.1575,16.228,15.817,15.898,9.0922,11.665,17.077,19.191
"659","06/30/2015",17.57,16.112,15.825,15.89,9.5833,11.714,16.988,19.201
"655","07/01/2015",16.8375,16.195,15.823,15.888,13.3311,12.142,17.118,19.314
"651","07/02/2015",16.7175,15.243,15.38,15.645,16.5749,13.485,17.215,19.294
"647","07/03/2015",15.295,15.01,15.417,15.685,18.6267,14.111,17.377,19.296
"637","07/06/2015",14.73,14.202,15.392,15.597,18.4292,14.078,17.374,19.236
"634","07/07/2015",14.97,15.35,15.743,15.93,21.1607,14.625,17.632,19.354
"630","07/08/2015",16.58,15.923,15.997,16.087,21.4903,15.519,17.115,19.437
"626","07/09/2015",17.0575,15.93,15.92,16.038,18.1214,15.431,17.132,19.366
"622","07/10/2015",14.29,15.64,15.942,16.007,20.8975,16.481,17.494,19.498
"612","07/13/2015",15.845,14.915,15.977,16.002,21.8397,16.425,17.336,19.469
"609","07/14/2015",15.2575,15.608,15.542,15.755,19.0049,16.424,16.94,19.452
"605","07/15/2015",15.405,15.41,15.542,15.813,15.3477,15.832,16.782,19.423
"601","07/16/2015",14.04,14.56,15.16,15.568,15.4302,15.494,16.806,19.422
"597","07/17/2015",15.0825,14.782,15.273,15.61,10.4956,15.888,16.874,19.405
"587","07/20/2015",15.61,15.885,16.07,16.153,8.5524,15.342,16.875,19.3
"584","07/21/2015",15.29,15.795,15.847,16.115,10.1677,15.471,16.949,19.331
"580","07/22/2015",16.8875,16.525,16.2,16.24,15.5722,16.499,17.199,19.346
"576","07/23/2015",22.32,18.17,17.507,16.908,20.49,17.652,17.415,19.522
"572","07/24/2015",22.545,19.095,17.767,17.095,24.2668,18.791,17.851,19.738
"562","07/27/2015",20.38,18.79,17.752,17.115,24.2642,18.813,17.708,19.72
"559","07/28/2015",21.0825,18.635,17.757,17.22,23.6231,18.776,17.648,19.72
"555","07/29/2015",18.9475,18.557,17.733,17.287,21.2277,18.911,17.657,19.677
"551","07/30/2015",18.17,17.23,17.343,16.942,18.3154,18.686,17.461,19.342
"547","07/31/2015",20.1325,17.702,17.625,17.04,15.0248,18.478,17.705,19.311
"537","08/03/2015",20.105,18.563,17.708,17.202,16.1674,18.263,17.104,19.275
"534","08/04/2015",19.8975,18.682,17.955,17.43,16.6266,18.371,17.039,19.133
"530","08/05/2015",19.865,18.528,18.25,17.663,15.9157,17.645,17,19.141
"526","08/06/2015",20.355,18.975,18.673,18.035,16.8437,17.514,17.227,19.169
"522","08/07/2015",19.88,18.845,18.655,18.185,14.3111,17.664,16.953,19.197
"512","08/10/2015",18.635,18.298,18.287,17.985,19.3484,17.852,16.443,19.13
"509","08/11/2015",19.31,18.85,18.693,18.228,20.3915,17.97,16.36,19.11
"505","08/12/2015",18.6025,18.265,18.142,17.945,20.2258,17.965,16.315,18.965
"501","08/13/2015",18.49,17.955,18.07,17.938,19.1136,18.375,16.186,19.018
"497","08/14/2015",17.73,17.445,17.74,17.715,19.6556,18.636,16.313,19.073
"487","08/17/2015",17.4125,17.465,17.835,17.82,13.3284,18.297,16.307,19.073
"484","08/18/2015",16.805,17.365,17.757,17.725,11.2326,18.318,16.17,19.08
"480","08/19/2015",17.245,17.545,17.763,17.722,12.2016,18.264,16.051,19.053
"476","08/20/2015",18.195,18.47,18.038,17.75,11.5893,17.66,15.99,19.101
"472","08/21/2015",18.4975,18.665,18.163,18.097,12.2787,16.83,15.754,19.166
"462","08/24/2015",20.7025,19.467,18.445,18.33,16.3318,16.064,16.034,19.145
"459","08/25/2015",19.44,19.8,18.807,18.537,20.7751,17.267,16.049,19.203
"455","08/26/2015",21.62,20.975,19.44,18.997,20.5923,17.369,16.069,19.15
"451","08/27/2015",19.985,19.665,18.905,18.632,21.2094,17.655,16.188,19.045
"447","08/28/2015",21.44,19.688,19.077,18.677,20.2464,17.349,16.229,18.968
"437","08/31/2015",21.9475,20.895,19.653,19.245,18.8506,16.998,16.361,18.955
"434","09/01/2015",22.0325,21.25,20,19.537,20.541,18.34,16.756,19.073
"430","09/02/2015",23.515,22.245,20.972,20.205,23.4133,19.141,17.081,19.176
"426","09/03/2015",22.37,21.65,20.855,20.21,22.1439,19.187,17.117,18.995
"422","09/04/2015",22.125,22.365,21.475,20.445,29.0889,20.854,17.956,19.185
"412","09/07/2015",22.655,22.948,21.66,20.677,28.0097,20.663,17.843,19.161
"409","09/08/2015",21.735,22.345,21.225,20.448,23.7761,19.54,17.858,19.15
"405","09/09/2015",21.7025,22.645,21.568,20.785,21.9155,19.538,17.934,19.126
"401","09/10/2015",23.46,23.783,22.263,21.36,25.198,20.541,18.212,18.943
"397","09/11/2015",26.44,23.04,22.525,21.52,16.2547,20.269,18.143,18.959
"387","09/14/2015",26.1,23.075,22.472,21.6,19.2746,20.577,18.363,19.067
"384","09/15/2015",24.295,22.81,22.165,21.32,20.762,21.028,18.361,19.103
"380","09/16/2015",22.515,21.12,21,20.365,20.2146,21.189,18.314,18.801
"376","09/17/2015",20.5625,20.212,20.685,20.475,19.9862,21.945,18.648,18.766
"372","09/18/2015",23.18,22.333,22.4,21.575,21.3454,22.075,18.641,18.335
"362","09/21/2015",23.9675,23.193,22.555,21.715,20.0445,21.981,18.717,18.389
"359","09/22/2015",25.6775,24.333,23.44,22.5,21.501,22.107,19,18.318
"355","09/23/2015",27.01,25.515,24.125,23.015,30.3777,23.789,19.93,18.816
"351","09/24/2015",30.1125,26.865,25.555,24.478,50.9438,31.6,23.121,20.415
"347","09/25/2015",32.715,26.853,25.478,24.337,50.7884,31.534,23.214,20.45
"337","09/28/2015",32.58,27.642,25.592,24.6,55.3647,33.398,24.078,20.908
"334","09/29/2015",31.565,28.075,25.642,24.665,54.6679,33.402,24.162,20.917
"330","09/30/2015",28.7475,27.035,25.13,24.25,54.1011,34.093,24.671,21.223
"326","10/01/2015",27.8175,26.03,24.877,24.05,34.8948,34.028,24.64,21.337
"322","10/02/2015",24.37,23.805,23.423,23.068,36.856,34.656,24.834,21.513
"312","10/05/2015",22.9525,23.56,22.945,22.565,28.8699,33.352,24.855,21.525
"309","10/06/2015",21.07,22.74,22.115,21.955,29.9434,33.799,24.866,21.314
"305","10/07/2015",22.7,23.88,23.087,22.595,22.4732,33.882,24.738,21.35
"301","10/08/2015",22.1,23.38,22.807,22.382,27.3935,34.961,25.29,21.667
"297","10/09/2015",22.935,23.97,23.327,22.92,23.7957,34.419,25.033,21.578
"287","10/12/2015",23.5275,24.19,23.23,22.725,23.4923,34.364,24.97,21.417
"284","10/13/2015",25.8875,25.765,24.195,23.42,31.7908,35.98,25.852,21.878
"280","10/14/2015",24.43,24.932,23.752,23.185,34.6703,36.491,26.198,22.082
"276","10/15/2015",25.22,24.655,23.795,23.167,28.9371,36.391,26.186,22.066
"272","10/16/2015",26.49,25.068,24.065,23.37,36.9455,37.611,26.892,22.533
"262","10/19/2015",27.865,26.525,24.673,23.98,37.6233,37.542,26.959,22.576
"259","10/20/2015",24.985,25.597,24.147,23.595,29.0998,37.423,26.935,22.566
"255","10/21/2015",23.86,24.362,23.272,22.722,25.5273,37.103,26.792,22.519
"251","10/22/2015",21.815,21.588,21.565,21.35,26.1184,35.595,26.568,22.531
"247","10/23/2015",22.845,21.908,21.693,21.57,12.9526,28.924,26.283,22.493
"237","10/26/2015",22.06,22.202,21.745,21.55,11.7609,28.778,26.308,22.486
"234","10/27/2015",20.535,21.405,21.307,21.267,11.5355,26.502,26.321,22.471
"230","10/28/2015",20.325,20.84,20.733,20.69,10.4419,26.288,26.297,22.341
"226","10/29/2015",19.94,20.337,20.39,20.38,13.8336,24.813,26.359,22.443
"222","10/30/2015",20.6525,20.335,20.397,20.24,12.8964,24.213,26.196,22.173
"212","11/02/2015",20.535,20.445,20.302,20.173,12.0507,23.224,26.138,22.133
"209","11/03/2015",20.91,20.528,20.212,20.097,19.8503,24.449,26.492,22.337
"205","11/04/2015",21.375,20.82,20.498,20.313,20.242,23.982,26.525,22.359
"201","11/05/2015",20.665,20.24,20.263,20.167,17.5184,23.844,26.393,22.238
"197","11/06/2015",19.5725,19.92,20.022,20.095,17.5706,21.934,26.348,21.862
"187","11/09/2015",19.275,20.595,20.085,20.07,18.3681,22.02,26.084,21.804
"184","11/10/2015",18.9225,20.15,19.903,19.943,12.7249,22.47,26.121,21.86
"180","11/11/2015",19.295,20.257,19.978,19.97,11.7097,19.161,26.127,21.761
"176","11/12/2015",19.69,19.93,20.055,20.015,11.1176,17.657,26.038,21.762
"172","11/13/2015",20.085,20.417,20.34,20.335,18.3729,19.029,26.277,21.952
"162","11/16/2015",19.15,20.39,20.073,20.03,18.425,15.515,26.321,21.921
"159","11/17/2015",18.7525,20.347,19.64,19.743,16.1019,15.152,26.316,21.859
"155","11/18/2015",18,19.985,19.25,19.42,17.8237,15.529,26.375,21.851
"151","11/19/2015",17.64,19.313,19.04,19.24,20.07,15.891,26.431,21.779
"147","11/20/2015",15.6,18.755,18.373,18.737,13.8754,15.67,26.338,21.784
"137","11/23/2015",15.515,19.042,18.44,18.795,13.8205,15.692,26.21,21.662
"134","11/24/2015",15.45,18.623,17.972,18.237,15.1043,15.842,26.017,21.692
"130","11/25/2015",17.925,19.175,18.765,18.705,15.2651,16.277,26.095,21.732
"126","11/26/2015",19.13,19.48,18.823,18.728,12.0853,16.166,25.986,21.72
"122","11/27/2015",20.5475,19.877,19.208,19.01,22.83,18.002,26.5,22.053
"112","11/30/2015",23.3925,22.115,20.265,19.815,22.6045,18.119,26.438,22.009
"109","12/01/2015",22.58,21.395,19.875,19.532,21.7847,18.149,26.095,22.013
"105","12/02/2015",23.0125,21.35,19.855,19.568,20.5656,16.487,25.909,22.029
"101","12/03/2015",22.405,20.435,20.013,19.735,25.0595,17.7,26.189,22.205
"97","12/04/2015",19.4375,19.475,19.7,19.38,15.7388,17.606,25.617,22.16
"87","12/07/2015",19.495,20,19.783,19.61,15.3933,17.641,25.629,22.156
"84","12/08/2015",20.08,20.235,20.217,19.998,16.157,17.641,25.643,22.162
"80","12/09/2015",20.355,20.073,20.19,19.948,17.9037,17.595,25.671,22.194
"76","12/10/2015",25.235,21.265,21.33,20.935,16.0348,18.489,25.628,22.275
"72","12/11/2015",28.525,22.595,22.007,21.135,19.5775,19.282,25.795,22.383
"62","12/14/2015",28.145,23.063,21.917,21.2,19.394,17.899,25.636,22.315
"59","12/15/2015",28.015,22.75,21.748,21.005,18.6616,17.7,25.518,22.265
"55","12/16/2015",23.8625,22.272,21.775,21.22,16.6066,17.707,25.471,22.268
"51","12/17/2015",22.6525,21.395,21.603,21.077,11.6234,17.274,25.228,22.203
"47","12/18/2015",21.2175,22.125,22.618,21.923,19.074,19.04,25.657,22.498
"37","12/21/2015",20.8425,23.257,22.903,22.208,19.849,19.193,25.624,22.524
"34","12/22/2015",19.845,22.26,22.24,21.608,20.2752,19.123,25.441,22.517
"30","12/23/2015",17.895,21.455,21.778,21.358,21.9647,19.341,24.798,22.542
"26","12/24/2015",18.925,21.413,21.868,21.397,21.9533,18.912,21.769,22.542
"22","12/25/2015",19.6925,22.01,22.035,21.415,11.2074,18.912,21.669,22.535
"12","12/28/2015",18.74,22.522,22.105,21.533,18.7741,18.116,21.164,22.747
"9","12/29/2015",19.7475,22.705,22.088,21.445,18.3356,18.003,21.052,22.653
"5","12/30/2015",21.5425,23.478,22.595,21.897,23.8827,19.922,20.824,22.794
"1","12/31/2015",22.0725,23.608,22.75,21.882,23.8737,19.816,20.593,22.733
"1303","01/01/2016",22.045,23.885,22.69,21.932,23.8737,18.543,20.221,22.732
"1293","01/04/2016",26.19,24.715,22.998,22.165,22.7351,19.806,20.58,22.806
"1290","01/05/2016",21.645,21.347,20.763,20.53,23.4339,19.961,20.408,22.728
"1286","01/06/2016",19.985,20.255,19.995,19.87,15.7407,19.843,20.343,22.726
"1282","01/07/2016",20.095,20.4,19.925,19.927,16.186,19.461,19.659,22.583
"1278","01/08/2016",19.465,19.65,20.02,19.932,16.5568,18.652,19.658,22.559
"1268","01/11/2016",18.96,20.033,20.03,19.908,9.6809,17.981,19.706,22.577
"1265","01/12/2016",18.35,19.82,19.95,19.847,8.9185,18.105,18.57,22.594
"1261","01/13/2016",17.675,19.265,19.67,19.7,8.7167,18.136,18.09,22.587
"1257","01/14/2016",17.43,18.397,19.388,19.505,8.382,18.16,18.096,22.549
"1253","01/15/2016",18.16,18.795,19.44,19.58,11.5479,18.641,17.079,22.61
"1243","01/18/2016",18.7075,19.195,19.485,19.618,10.5254,16.22,16.969,22.584
"1240","01/19/2016",18.2675,18.815,19.3,19.56,9.6201,16.001,16.936,22.465
"1236","01/20/2016",20.32,20.182,20.23,20.195,11.1489,16.144,16.931,22.332
"1232","01/21/2016",20.7725,20.313,20.605,20.625,15.0722,16.401,17.102,22.236
"1228","01/22/2016",18.98,18.868,19.5,19.685,16.4811,17.245,17.311,22.337
"1218","01/25/2016",18.9475,19.103,19.495,19.775,16.444,17.25,17.266,22.336
"1215","01/26/2016",18.6625,18.478,19.025,19.28,17.7393,15.718,17.344,22.348
"1211","01/27/2016",20.61,19.563,19.638,19.74,19.341,16.421,17.523,22.366
"1207","01/28/2016",19.9325,19.08,19.45,19.595,17.5257,14.364,17.36,22.307
"1203","01/29/2016",19.57,18.34,19.495,19.65,18.5222,15.6,17.7,22.408
"1193","02/01/2016",17.8475,18.445,19.35,19.38,19.7879,15.971,17.806,22.435
"1190","02/02/2016",16.94,18.517,19.237,19.41,19.2112,14.555,17.288,22.448
"1186","02/03/2016",16.015,18.747,19.225,19.53,23.6406,16.491,17.847,22.603
"1182","02/04/2016",17.325,19.28,19.685,19.73,22.7215,16.439,17.818,22.576
"1178","02/05/2016",16.8425,19.085,19.585,19.745,19.1874,16.391,17.828,22.402
"1168","02/08/2016",18.235,20.497,20.327,20.302,17.8608,16.302,17.766,22.351
"1165","02/09/2016",19.7325,20.655,20.385,20.445,17.1965,16.123,17.583,22.35
"1161","02/10/2016",19.27,20.235,20.255,20.353,5.5871,16.139,17.618,22.315
"1157","02/11/2016",20.315,20.743,20.95,20.94,13.2138,17.139,17.928,22.393
"1153","02/12/2016",19.115,19.825,20.255,20.285,13.0373,17.1,17.463,22.396
"1143","02/15/2016",18.6675,19.432,19.855,20.01,13.0445,16.569,17.396,22.39
"1140","02/16/2016",19.385,19.948,20.08,20.222,17.3893,17.48,17.677,22.483
"1136","02/17/2016",18.6925,20.072,19.965,20.085,22.7139,19.007,18.045,22.644
"1132","02/18/2016",19.7275,20.7,20.18,20.205,20.6717,19.128,17.981,22.631
"1128","02/19/2016",19.1925,19.93,20.127,20.318,20.6165,18.426,17.968,22.532
"1118","02/22/2016",19.235,20.007,20.005,19.995,24.7494,18.86,18.304,22.546
"1115","02/23/2016",18.9125,19.84,19.77,19.925,22.0213,18.885,18.228,22.535
"1111","02/24/2016",19.0025,19.925,19.69,19.815,15.7965,18.594,18.081,22.471
"1107","02/25/2016",18.5725,18.845,19.24,19.393,13.9008,17.967,18.081,22.445
"1103","02/26/2016",20.01,19.135,19.283,19.455,15.6112,18.011,17.364,22.436
"1094","02/29/2016",19.6325,19.475,19.335,19.43,8.4431,17.058,17.356,22.242
"1091","03/01/2016",19.045,18.93,18.967,19.23,18.2,18.501,17.923,22.348
"1088","03/02/2016",17.98,18.095,18.245,18.675,19.2677,18.608,17.97,22.368
"1085","03/03/2016",20.465,19.075,18.783,18.79,26.1066,18.763,18.195,22.302
"1081","03/04/2016",23.595,21.052,19.78,19.45,26.2945,19.134,18.32,22.355
"1069","03/07/2016",22.095,21.205,19.82,19.52,26.4284,19.226,18.35,22.358
"1066","03/08/2016",20.425,20.7,19.735,19.507,21.479,19.395,18.347,22.331
"1063","03/09/2016",21.135,21.25,20.29,19.87,24.681,20.516,18.578,22.346
"1060","03/10/2016",26.125,22.525,21.545,20.61,21.3342,21.283,18.609,22.468
"1056","03/11/2016",25.135,22.38,20.938,20.252,21.3205,20.803,18.469,22.427
"1044","03/14/2016",25.29,23.188,21.46,20.568,26.0576,22.155,18.974,22.572
"1041","03/15/2016",26.725,24.248,22.353,21.25,32.6199,24.269,19.791,22.893
"1038","03/16/2016",24.78,23.798,22.182,21.315,29.9465,23.715,19.822,22.773
"1035","03/17/2016",27.445,24.34,22.8,21.635,35.2701,25.026,20.775,23.138
"1031","03/18/2016",24.92,23.443,21.763,20.803,34.412,24.758,20.105,23.093
"1019","03/21/2016",21.085,22.313,21.245,20.493,30.6338,24.76,20.047,22.977
"1016","03/22/2016",20.2,21.565,20.775,20.21,24.2007,24.137,20.128,22.606
"1013","03/23/2016",21.5575,22.362,21.795,20.827,31.5895,26.164,20.798,21.371
"1010","03/24/2016",20.3425,21.76,21.327,20.493,22.2779,26.174,20.801,21.322
"1006","03/25/2016",22.24,21.915,21.32,20.56,22.2679,26.173,20.801,20.826
"994","03/28/2016",22.59,22.263,21.55,20.752,24.5833,26.437,20.525,20.869
"991","03/29/2016",21.57,21.787,21.228,20.445,23.4529,26.393,20.532,20.467
"988","03/30/2016",21.105,21.862,20.993,20.2,12.5946,25.366,20.022,20.388
"985","03/31/2016",22.96,22.695,21.83,20.7,12.7585,25.208,20.034,20.206
"981","04/01/2016",23.545,23.295,22.298,20.91,15.2372,24.042,20.167,20.259
"969","04/04/2016",23.75,25.122,23.035,21.325,17.9878,24.725,20.159,20.33
"966","04/05/2016",24.42,26.955,23.663,21.89,21.2492,25.255,20.348,20.416
"963","04/06/2016",22.09,25.875,22.575,21.362,21.5636,25.383,20.435,20.115
"960","04/07/2016",22.8075,25.86,22.645,20.737,23.294,24.892,20.566,20.183
"956","04/08/2016",24.94,26.77,23.135,20.94,29.5845,26.039,21.283,20.566
"944","04/11/2016",33.9625,27.83,23.16,21.217,32.5439,27.482,21.924,20.376
"941","04/12/2016",32.705,27.065,22.705,20.955,30.4369,26.395,21.891,20.153
"938","04/13/2016",34.715,26.545,22.34,20.7,29.5933,24.484,21.888,20.152
"935","04/14/2016",34.0975,25.64,22.17,20.88,28.3041,24.43,21.89,19.634
"931","04/15/2016",32.66,25.465,22.188,20.765,22.5482,22.426,21.95,19.692
"919","04/18/2016",22.6425,22.645,20.88,20.283,19.8652,23.818,22.416,19.942
"916","04/19/2016",20.2075,21.435,20.225,19.75,25.8097,25.137,22.876,20.167
"913","04/20/2016",17.975,19.682,19.755,19.54,25.7489,24.857,22.815,20.133
"909","04/21/2016",21.46,19.86,19.827,19.632,25.5668,22.69,22.627,20.108
"1307","",NA,NA,NA,NA,NA,NA,NA,NA
